case_type,number_of_hearings,judge_workload,document_count,case_priority,filing_to_first_hearing_days,court_level,previous_adjournments,total_case_duration_days
civil,5,73,3,low,6,magistrate,1,331
civil,3,39,4,medium,5,magistrate,3,121
civil,3,41,6,high,44,high_court,3,1016
civil,1,34,5,medium,2,supreme,1,1100
civil,5,37,4,low,39,district,2,452
family,6,51,6,low,10,magistrate,4,329
civil,6,44,2,low,16,magistrate,0,124
civil,5,49,2,medium,20,magistrate,0,110
tax,2,55,6,medium,23,magistrate,1,300
civil,1,75,2,medium,5,district,1,483
civil,2,62,4,medium,69,district,0,313
civil,6,54,0,low,23,district,1,390
family,4,56,3,low,108,magistrate,3,428
criminal,4,50,5,high,16,supreme,2,1839
civil,3,60,5,low,62,district,2,466
civil,9,53,4,low,23,magistrate,1,348
civil,3,73,3,low,23,district,2,448
civil,4,57,3,low,37,district,0,478
labor,5,69,1,low,1,high_court,1,748
civil,3,20,3,medium,20,high_court,1,686
civil,2,59,9,low,3,magistrate,0,198
criminal,2,41,7,medium,49,supreme,1,1596
family,7,50,4,high,2,magistrate,3,468
criminal,4,59,2,low,17,high_court,0,896
civil,4,53,3,low,129,magistrate,1,266
tax,4,54,4,low,1,magistrate,0,397
criminal,5,44,3,medium,22,supreme,0,1562
criminal,7,48,4,low,2,supreme,3,1574
family,7,60,2,low,49,supreme,0,1084
criminal,7,50,7,low,33,district,0,514
civil,7,46,1,medium,29,district,0,566
civil,1,65,7,medium,89,magistrate,2,135
criminal,5,55,5,low,1,magistrate,0,180
civil,2,28,3,medium,29,magistrate,2,264
civil,4,45,4,low,37,high_court,1,545
civil,4,47,3,medium,27,district,2,489
criminal,4,36,6,low,8,magistrate,0,130
civil,3,12,7,medium,79,district,1,539
family,3,25,4,low,22,magistrate,0,203
civil,3,40,9,medium,83,magistrate,0,330
family,5,45,8,low,10,district,1,373
tax,5,52,7,low,8,district,0,551
criminal,5,69,6,low,12,magistrate,2,288
criminal,4,46,9,medium,81,high_court,1,993
labor,5,24,3,low,15,district,1,608
civil,4,46,6,medium,5,supreme,0,1233
criminal,3,39,4,low,19,district,0,457
family,4,32,6,low,5,district,1,402
civil,3,51,3,low,38,high_court,1,725
criminal,4,24,6,medium,15,district,1,691
tax,4,51,2,low,30,magistrate,0,293
family,4,52,5,low,69,high_court,1,614
criminal,4,40,3,low,14,magistrate,0,259
family,6,59,3,medium,3,magistrate,1,141
criminal,5,59,3,high,17,magistrate,2,255
family,5,56,3,medium,10,high_court,4,860
civil,2,28,2,low,38,magistrate,0,253
criminal,6,60,11,medium,8,magistrate,0,308
civil,3,20,5,medium,86,magistrate,1,188
labor,5,40,4,high,64,high_court,1,1036
civil,5,53,5,medium,93,high_court,2,760
civil,3,49,3,medium,20,magistrate,2,451
criminal,8,57,6,medium,4,magistrate,1,439
family,3,62,6,medium,23,supreme,0,996
criminal,5,66,4,medium,108,supreme,1,1500
family,1,73,6,medium,35,magistrate,0,182
criminal,4,59,7,low,0,district,1,470
criminal,8,52,3,medium,16,magistrate,1,431
criminal,4,43,5,low,3,magistrate,1,63
criminal,4,53,2,low,15,magistrate,2,133
civil,2,70,2,low,37,high_court,2,832
family,3,47,4,low,5,high_court,0,744
labor,3,49,8,low,8,magistrate,3,504
civil,3,53,9,medium,29,district,0,513
family,3,49,6,low,104,magistrate,1,372
family,4,18,5,low,1,district,1,406
family,5,48,3,low,81,magistrate,1,283
civil,3,52,6,low,36,magistrate,2,319
criminal,4,49,5,medium,7,district,1,706
civil,3,49,11,medium,3,district,0,435
civil,4,26,2,medium,33,district,1,441
tax,3,32,8,low,0,district,1,361
tax,3,49,5,medium,37,magistrate,1,237
civil,4,52,5,medium,90,district,2,440
civil,6,39,5,low,5,district,1,527
civil,1,68,6,medium,15,magistrate,3,431
civil,4,41,2,low,2,district,0,294
criminal,5,60,5,medium,6,district,0,685
criminal,6,33,8,medium,45,district,0,519
civil,3,51,8,low,80,magistrate,1,334
tax,5,32,8,medium,43,magistrate,1,326
civil,2,50,5,medium,7,district,1,470
civil,3,41,2,medium,1,district,3,460
criminal,3,48,6,low,19,magistrate,0,333
family,3,49,4,low,4,magistrate,1,269
civil,7,40,4,medium,32,high_court,2,1061
criminal,4,44,1,high,40,magistrate,0,350
civil,4,54,2,low,103,magistrate,2,265
civil,4,41,9,low,78,magistrate,1,289
criminal,4,53,10,medium,32,magistrate,3,362
civil,4,68,9,low,18,magistrate,0,225
family,3,41,7,medium,1,district,0,421
labor,3,60,9,medium,13,district,0,414
criminal,3,73,7,low,12,district,2,677
criminal,2,37,9,low,54,magistrate,1,265
civil,3,52,6,medium,18,magistrate,0,69
civil,6,35,4,low,9,magistrate,1,310
civil,4,42,3,low,12,high_court,0,708
criminal,4,26,6,high,28,magistrate,0,283
civil,3,65,3,medium,23,magistrate,1,499
civil,7,50,4,low,5,magistrate,2,259
tax,7,49,6,medium,100,magistrate,1,348
family,7,64,6,low,67,district,0,486
criminal,3,50,8,low,24,district,2,633
family,6,69,5,medium,52,magistrate,0,261
civil,5,64,6,low,5,high_court,0,681
family,5,65,9,low,18,high_court,1,572
labor,2,46,5,high,38,magistrate,1,349
tax,3,46,1,low,27,magistrate,0,233
family,1,64,3,medium,1,district,3,580
family,3,53,8,medium,17,district,2,493
civil,3,82,6,low,19,magistrate,0,193
civil,4,27,2,low,7,magistrate,0,290
civil,6,53,5,high,4,magistrate,1,265
criminal,8,42,3,low,14,magistrate,1,360
criminal,3,57,4,medium,73,district,2,558
tax,2,24,3,low,12,district,3,492
criminal,4,57,9,low,16,magistrate,1,329
civil,1,69,3,medium,27,magistrate,0,326
labor,3,42,4,low,5,magistrate,1,250
civil,4,53,7,low,24,district,2,536
civil,3,31,5,medium,20,magistrate,3,244
criminal,3,89,8,medium,9,high_court,1,799
criminal,6,59,11,low,57,magistrate,2,302
tax,5,79,5,low,7,supreme,0,1453
labor,4,60,8,low,2,magistrate,1,309
civil,4,50,4,low,2,magistrate,0,272
civil,6,26,7,low,26,district,0,417
criminal,6,55,3,medium,1,district,0,478
civil,2,64,2,low,40,magistrate,0,113
civil,6,46,6,low,5,district,4,604
civil,4,56,5,low,43,magistrate,2,286
criminal,5,38,6,medium,10,magistrate,0,255
civil,4,27,1,low,20,magistrate,1,157
civil,5,60,3,medium,49,magistrate,0,337
civil,4,64,6,low,10,magistrate,0,99
civil,4,58,2,low,4,district,2,448
family,4,59,4,low,0,district,1,358
labor,4,47,4,low,17,magistrate,0,210
family,6,26,5,medium,71,high_court,4,931
criminal,5,72,1,low,13,high_court,0,883
criminal,4,47,3,low,15,high_court,1,792
family,7,39,4,high,3,district,0,567
civil,1,53,7,low,67,high_court,2,734
criminal,4,63,2,high,21,magistrate,2,346
criminal,5,41,1,medium,0,magistrate,1,167
labor,3,60,7,low,69,district,2,391
criminal,3,37,4,medium,10,district,1,561
criminal,7,53,6,high,58,district,3,788
civil,4,49,5,low,38,high_court,0,762
family,3,33,8,medium,1,district,0,279
civil,5,41,3,high,30,district,1,400
criminal,3,42,3,high,3,magistrate,2,211
civil,3,23,5,high,10,magistrate,2,312
civil,1,67,6,low,86,district,1,500
criminal,4,27,7,low,17,magistrate,2,366
civil,3,76,4,medium,40,magistrate,0,361
civil,3,75,9,medium,40,district,1,425
civil,5,54,7,high,1,district,0,572
criminal,1,50,3,medium,15,district,0,283
civil,2,58,5,low,21,district,0,270
civil,7,60,5,medium,33,district,2,540
criminal,3,34,2,medium,39,district,0,565
civil,1,39,4,low,14,magistrate,0,67
labor,5,66,6,medium,3,magistrate,0,361
criminal,4,9,2,low,24,district,1,518
civil,7,46,4,low,48,high_court,0,900
civil,5,40,6,low,13,magistrate,1,288
family,3,59,1,medium,44,district,0,287
family,6,66,8,medium,25,district,0,561
criminal,3,33,5,medium,14,district,2,476
criminal,5,58,7,low,36,magistrate,1,226
civil,1,45,3,medium,65,magistrate,4,387
criminal,2,61,4,low,0,magistrate,2,333
criminal,2,59,5,medium,26,district,2,654
family,4,46,8,low,33,district,1,447
civil,5,56,6,low,45,district,4,449
criminal,3,55,3,low,16,magistrate,3,313
civil,5,54,4,high,50,high_court,1,994
civil,2,47,2,low,108,district,2,328
family,3,44,3,medium,4,magistrate,1,182
civil,5,52,4,low,10,district,0,645
criminal,7,68,7,medium,13,high_court,1,1010
criminal,3,78,6,low,6,magistrate,0,380
civil,6,68,5,medium,7,magistrate,1,250
civil,1,54,5,low,76,magistrate,0,242
civil,4,40,7,low,6,magistrate,1,292
tax,3,50,3,low,8,magistrate,1,238
criminal,2,68,5,low,79,magistrate,0,214
civil,5,57,8,low,99,magistrate,2,357
labor,3,25,6,low,5,district,0,371
labor,4,68,6,low,32,magistrate,1,346
tax,5,42,5,low,10,district,1,437
civil,8,60,2,medium,48,magistrate,1,373
civil,3,72,3,low,25,magistrate,3,356
labor,3,51,5,medium,51,magistrate,0,236
civil,4,27,7,high,3,high_court,1,698
civil,3,52,4,medium,83,district,0,450
civil,6,43,4,low,6,magistrate,1,255
criminal,4,76,11,medium,52,magistrate,3,385
civil,5,60,2,low,114,supreme,1,1078
civil,6,74,5,low,23,magistrate,0,352
civil,4,37,2,low,7,magistrate,2,261
civil,4,51,2,low,46,magistrate,0,193
criminal,5,57,3,medium,49,magistrate,0,285
family,3,62,3,low,17,magistrate,1,190
civil,5,37,3,low,35,magistrate,1,159
tax,4,61,7,low,2,supreme,0,1355
labor,7,30,8,medium,0,district,0,661
tax,4,58,5,medium,27,district,2,567
civil,4,70,2,medium,56,magistrate,1,353
criminal,4,47,3,low,10,district,1,456
tax,4,52,5,low,35,high_court,2,903
tax,2,36,3,medium,11,district,1,472
civil,4,46,3,medium,13,magistrate,0,163
criminal,5,17,3,low,3,magistrate,2,407
tax,5,75,4,low,35,district,2,487
family,3,43,5,low,26,district,0,193
civil,3,59,4,low,28,high_court,2,647
civil,4,19,2,low,43,district,0,480
criminal,6,53,4,low,32,supreme,1,1338
criminal,3,73,7,low,27,district,1,375
civil,3,82,5,low,71,magistrate,0,341
civil,3,57,6,high,3,high_court,1,1068
family,1,56,6,high,2,district,0,177
civil,4,62,3,medium,52,district,0,462
family,8,29,3,medium,43,district,0,512
criminal,2,44,2,low,21,magistrate,1,223
civil,2,51,5,low,6,district,1,320
tax,3,48,3,high,34,high_court,0,1173
civil,2,33,2,low,5,magistrate,3,440
civil,2,57,5,low,45,supreme,0,1078
tax,4,41,6,medium,4,magistrate,1,418
criminal,4,41,6,low,24,district,0,357
family,1,68,8,low,16,district,1,285
civil,4,59,3,low,15,district,1,431
civil,9,41,4,low,28,magistrate,0,235
civil,3,68,2,medium,80,magistrate,0,223
tax,8,55,3,low,33,magistrate,2,381
criminal,5,60,7,low,11,magistrate,2,394
criminal,3,46,7,low,3,magistrate,0,302
family,6,54,5,low,48,high_court,0,703
labor,6,65,4,medium,19,district,1,602
family,4,37,8,medium,3,magistrate,1,455
labor,4,47,3,low,111,magistrate,0,316
civil,6,53,7,low,8,district,1,397
criminal,5,44,1,high,55,district,0,502
civil,2,48,4,medium,3,magistrate,1,302
civil,2,68,6,medium,18,supreme,2,1252
civil,4,35,1,low,51,magistrate,1,391
civil,3,53,6,low,91,magistrate,0,128
civil,3,54,3,medium,23,magistrate,1,182
tax,3,73,7,low,23,magistrate,1,295
civil,5,37,2,low,93,supreme,0,1205
civil,4,44,6,high,74,high_court,2,1040
civil,4,68,3,low,30,district,1,460
family,4,69,2,low,28,magistrate,1,143
civil,2,34,6,medium,24,district,0,399
civil,5,64,2,low,40,high_court,1,787
labor,5,60,10,low,15,district,1,519
civil,4,40,9,medium,8,magistrate,0,157
civil,1,61,9,medium,2,high_court,0,623
civil,6,58,4,medium,6,magistrate,0,305
civil,8,40,5,medium,105,district,3,655
criminal,5,28,3,medium,17,magistrate,1,334
tax,5,18,2,medium,19,magistrate,2,348
civil,3,39,4,low,1,district,0,316
civil,4,49,4,low,3,district,4,456
civil,5,57,5,low,57,district,1,437
civil,4,56,8,low,11,magistrate,3,328
civil,5,44,3,low,43,magistrate,1,104
civil,4,62,8,low,12,district,2,455
family,2,27,9,high,7,magistrate,1,185
criminal,4,46,3,low,64,magistrate,2,171
family,3,66,3,low,72,district,3,574
criminal,4,49,4,medium,24,magistrate,2,444
criminal,4,64,3,high,12,supreme,1,1753
tax,4,54,2,low,44,magistrate,1,272
criminal,1,55,8,high,21,magistrate,0,302
labor,3,39,3,low,17,district,0,269
civil,2,61,1,medium,88,magistrate,0,80
labor,2,44,7,high,57,magistrate,1,174
criminal,7,26,7,low,21,magistrate,0,201
criminal,6,65,4,low,60,magistrate,2,384
civil,6,64,1,low,13,magistrate,1,201
civil,5,67,3,low,40,magistrate,1,367
family,3,41,4,low,15,district,0,244
civil,6,32,7,medium,0,magistrate,0,186
criminal,5,63,7,low,19,magistrate,2,430
criminal,2,49,4,low,4,high_court,2,722
family,4,54,3,medium,2,magistrate,0,324
criminal,4,51,6,low,1,magistrate,0,343
civil,6,36,6,medium,38,district,2,615
family,4,41,4,low,18,high_court,1,672
criminal,3,17,5,medium,1,district,2,511
criminal,3,43,5,high,51,district,0,455
family,4,57,2,low,26,district,0,496
civil,5,61,5,low,33,high_court,2,918
civil,7,59,4,low,5,district,0,470
civil,4,50,4,medium,27,district,0,578
criminal,4,63,4,medium,71,magistrate,3,219
civil,3,70,3,low,5,high_court,1,687
criminal,5,49,10,medium,3,district,1,490
criminal,4,51,3,high,30,district,0,585
family,1,71,5,low,0,high_court,0,463
family,4,71,4,low,9,district,1,384
civil,4,44,2,high,20,district,1,518
family,3,47,10,low,4,magistrate,0,134
tax,3,51,6,low,0,district,1,315
civil,5,55,5,medium,33,magistrate,1,409
criminal,5,76,4,high,12,supreme,1,1796
criminal,2,53,4,high,37,magistrate,1,260
labor,4,31,6,low,132,magistrate,2,426
civil,3,48,1,medium,52,magistrate,0,267
family,2,27,10,high,52,district,0,533
family,4,51,2,high,1,magistrate,0,144
criminal,4,19,5,low,31,magistrate,2,518
labor,2,29,8,low,16,high_court,1,840
civil,3,41,5,medium,62,magistrate,2,337
criminal,4,70,10,low,12,magistrate,1,285
family,3,36,2,low,23,district,0,302
criminal,4,73,2,low,44,magistrate,1,276
family,2,54,5,low,2,magistrate,2,209
tax,6,44,1,high,48,district,1,722
civil,4,47,7,low,21,magistrate,2,208
criminal,2,63,3,low,13,magistrate,1,339
labor,2,52,5,low,11,district,0,345
civil,2,58,2,medium,30,district,2,519
civil,3,38,5,low,1,magistrate,0,347
criminal,4,29,4,low,29,magistrate,2,196
criminal,4,56,9,medium,38,magistrate,1,409
civil,1,66,6,high,55,district,1,306
civil,4,83,6,medium,37,magistrate,2,417
labor,3,48,5,medium,17,magistrate,1,303
criminal,5,80,6,medium,21,district,0,541
civil,4,54,4,low,10,magistrate,2,441
criminal,2,50,1,low,1,district,3,534
tax,2,26,5,medium,32,magistrate,2,319
civil,7,46,5,low,41,district,1,334
criminal,6,45,4,medium,15,magistrate,1,405
tax,5,43,8,medium,24,district,0,411
civil,3,64,6,low,71,magistrate,1,475
civil,5,38,10,low,26,magistrate,1,282
civil,6,38,4,low,45,magistrate,0,121
criminal,1,52,7,medium,38,supreme,0,1476
civil,3,65,3,low,8,district,2,395
civil,5,52,4,low,42,district,0,681
civil,5,32,6,low,63,magistrate,2,348
civil,5,36,2,medium,18,magistrate,1,445
family,2,53,6,low,23,high_court,0,606
tax,3,54,4,low,19,district,1,461
family,5,54,5,medium,47,magistrate,1,471
criminal,5,43,3,low,4,magistrate,1,370
civil,6,44,3,medium,30,magistrate,1,232
criminal,4,59,5,medium,32,magistrate,1,129
criminal,4,80,6,low,17,magistrate,0,304
family,3,37,5,high,12,magistrate,2,317
civil,3,66,6,low,10,magistrate,0,223
criminal,5,45,7,medium,30,magistrate,1,304
family,3,45,10,low,18,magistrate,1,30
civil,2,46,6,medium,1,magistrate,2,236
civil,8,42,4,low,75,high_court,0,849
civil,5,30,5,low,11,district,0,210
tax,2,50,5,low,29,magistrate,2,237
civil,4,44,5,low,69,high_court,1,591
tax,2,38,2,medium,9,magistrate,0,105
family,5,39,6,low,25,district,0,294
criminal,5,34,9,low,43,magistrate,0,269
tax,1,47,1,medium,13,district,3,728
civil,4,43,4,low,23,magistrate,3,410
civil,6,31,3,low,79,district,2,505
criminal,1,56,4,low,7,magistrate,1,200
civil,4,69,6,high,14,magistrate,1,239
criminal,5,80,7,low,20,high_court,2,956
criminal,3,50,4,low,5,magistrate,0,298
criminal,2,29,8,low,31,district,0,437
civil,4,66,4,low,95,district,0,273
civil,1,57,8,medium,25,high_court,0,712
criminal,4,35,5,medium,60,district,1,448
tax,3,52,5,high,66,magistrate,2,439
civil,7,48,6,low,143,district,0,601
criminal,5,52,6,medium,23,magistrate,3,454
civil,4,41,4,low,4,district,3,342
tax,2,59,5,low,1,district,0,423
criminal,7,22,3,medium,57,high_court,0,1019
tax,3,25,2,medium,2,magistrate,1,274
civil,4,65,5,low,29,magistrate,1,243
civil,4,49,4,medium,4,magistrate,0,150
tax,1,64,3,low,2,supreme,0,1353
criminal,5,44,3,low,7,high_court,2,927
civil,1,62,7,low,36,high_court,0,560
civil,3,55,7,high,33,district,0,556
criminal,2,13,3,high,24,district,0,627
civil,5,52,2,medium,34,magistrate,0,388
criminal,4,55,6,low,2,district,0,342
criminal,4,45,5,low,68,magistrate,0,227
civil,3,55,5,low,17,magistrate,3,219
criminal,3,60,6,medium,1,high_court,1,913
criminal,2,47,4,medium,16,supreme,2,1628
civil,4,59,4,high,16,magistrate,4,300
civil,4,51,7,low,3,magistrate,2,70
family,4,52,3,low,53,district,2,378
criminal,4,70,7,medium,1,magistrate,1,310
family,1,54,5,low,22,district,1,238
criminal,2,57,4,high,9,district,0,621
criminal,4,27,4,low,17,magistrate,2,422
tax,4,61,8,low,29,magistrate,0,306
criminal,3,57,4,low,2,district,3,444
criminal,2,69,6,medium,24,high_court,1,979
criminal,4,50,5,low,54,magistrate,1,371
criminal,6,29,1,low,43,district,1,652
civil,3,47,3,medium,70,magistrate,0,324
criminal,4,53,4,low,39,magistrate,1,234
civil,4,38,6,medium,2,magistrate,2,331
civil,2,50,4,low,48,high_court,1,890
civil,2,49,3,low,7,magistrate,2,311
tax,2,39,4,low,1,magistrate,1,236
criminal,5,30,6,low,16,magistrate,1,145
criminal,6,49,5,low,35,district,0,429
criminal,3,45,2,medium,11,supreme,0,1454
civil,2,84,4,low,23,high_court,0,849
family,3,33,7,medium,25,magistrate,0,189
family,1,43,4,low,8,district,0,425
civil,4,59,7,low,21,district,0,353
criminal,4,34,6,low,67,district,2,515
civil,3,85,2,low,67,supreme,1,1111
tax,5,36,6,medium,54,district,0,629
civil,2,36,5,high,25,magistrate,1,223
criminal,1,47,8,medium,48,magistrate,0,359
criminal,5,30,3,medium,12,supreme,1,1612
civil,3,47,7,medium,8,high_court,0,750
labor,1,18,7,medium,26,magistrate,1,233
civil,2,66,8,high,2,magistrate,1,384
family,3,56,7,low,9,district,0,453
civil,4,30,0,low,81,high_court,0,828
family,5,56,5,high,0,magistrate,1,285
civil,3,58,5,low,14,magistrate,0,131
criminal,5,64,3,low,0,magistrate,0,138
labor,2,16,5,medium,10,district,0,464
civil,5,37,2,low,14,district,1,393
civil,4,45,5,low,47,district,0,474
criminal,5,23,7,medium,15,high_court,0,862
labor,3,58,2,medium,13,district,1,415
civil,2,75,3,low,111,high_court,0,738
criminal,3,50,5,medium,31,magistrate,2,259
family,2,42,5,medium,15,magistrate,3,241
civil,4,47,11,medium,51,district,0,455
criminal,4,82,4,low,9,district,0,408
civil,3,65,5,low,15,district,1,148
civil,4,57,6,medium,2,supreme,3,1256
criminal,8,14,5,medium,25,district,0,586
criminal,3,44,3,low,26,magistrate,2,240
criminal,1,33,4,medium,24,high_court,0,1048
family,4,30,8,low,10,magistrate,0,345
civil,4,53,2,low,78,high_court,2,742
criminal,2,45,7,low,11,magistrate,1,279
family,1,61,5,low,93,high_court,2,714
criminal,3,49,4,low,46,district,0,422
civil,8,71,4,medium,15,magistrate,1,335
criminal,7,62,5,low,59,magistrate,1,359
civil,2,56,8,low,71,district,1,443
civil,6,16,7,low,90,supreme,0,1108
civil,3,68,2,medium,9,district,1,437
civil,5,73,5,low,2,district,0,538
civil,4,75,4,low,20,district,2,242
civil,5,47,4,medium,5,district,0,398
criminal,2,40,3,low,27,supreme,1,1315
criminal,5,75,4,medium,16,high_court,2,1001
tax,4,64,4,low,40,magistrate,1,287
labor,2,52,3,low,21,magistrate,0,140
civil,3,39,5,low,33,district,1,368
family,3,42,6,medium,12,magistrate,1,175
criminal,5,60,2,low,15,magistrate,1,327
criminal,7,46,7,low,2,supreme,0,1369
civil,5,37,4,low,26,high_court,0,620
criminal,4,53,4,low,35,magistrate,0,277
civil,2,51,3,medium,16,district,1,640
tax,3,45,4,low,49,district,2,492
civil,5,43,7,medium,30,district,3,465
tax,2,83,4,medium,52,magistrate,1,66
civil,3,40,6,low,14,high_court,1,681
tax,5,21,7,low,24,district,2,640
civil,3,48,8,low,35,magistrate,3,239
civil,3,31,8,low,25,magistrate,1,251
civil,2,46,2,medium,9,high_court,1,768
criminal,3,69,6,low,4,magistrate,1,179
criminal,1,70,5,low,90,high_court,0,656
civil,5,1,2,low,65,district,1,500
civil,6,19,5,medium,17,magistrate,1,274
criminal,3,47,5,low,50,magistrate,2,373
criminal,4,81,9,low,44,district,1,460
criminal,3,50,6,low,4,magistrate,0,286
civil,8,46,4,low,9,magistrate,0,305
family,2,21,5,high,50,high_court,0,698
tax,4,51,6,low,34,district,3,607
criminal,1,56,4,low,9,high_court,2,671
civil,3,48,2,low,20,district,0,447
criminal,6,40,2,low,44,magistrate,0,214
civil,3,79,4,low,10,magistrate,1,240
civil,4,59,7,low,23,district,4,504
tax,2,68,5,low,9,magistrate,1,267
criminal,3,69,6,low,12,district,2,575
family,5,79,9,low,62,magistrate,0,203
family,5,45,6,medium,6,magistrate,1,373
civil,5,60,9,medium,14,magistrate,0,102
criminal,2,32,4,low,6,district,0,516
criminal,3,52,8,low,55,magistrate,2,259
family,3,36,0,medium,5,magistrate,0,273
civil,2,32,4,low,14,high_court,1,608
criminal,1,48,10,medium,115,high_court,0,1086
civil,2,68,2,low,3,magistrate,1,257
civil,4,58,7,medium,10,magistrate,1,262
civil,4,53,5,low,66,magistrate,2,469
tax,5,31,4,low,1,magistrate,1,346
tax,5,78,5,low,29,high_court,2,988
civil,2,27,3,low,23,magistrate,0,99
tax,4,50,4,low,12,magistrate,1,433
family,2,67,7,high,59,district,2,567
criminal,2,39,4,low,35,magistrate,1,397
civil,2,44,4,medium,45,district,1,439
civil,2,51,7,low,10,district,0,220
civil,6,71,4,low,11,district,1,282
civil,5,66,7,medium,48,magistrate,0,242
civil,4,43,4,low,38,district,1,489
family,4,46,7,low,30,magistrate,0,199
tax,5,38,4,high,6,district,1,647
labor,7,39,6,medium,13,magistrate,2,471
family,2,43,2,low,21,district,2,391
tax,3,59,7,medium,94,district,1,759
civil,5,72,8,low,66,magistrate,4,380
family,2,44,5,medium,19,magistrate,1,318
civil,6,29,4,low,27,magistrate,0,234
civil,5,60,4,medium,38,district,0,481
family,3,49,5,low,0,magistrate,1,196
criminal,4,49,5,low,228,district,2,583
civil,1,40,6,medium,10,magistrate,0,167
civil,5,39,7,low,20,district,1,393
family,2,48,7,high,61,district,0,388
civil,1,46,7,low,14,magistrate,0,297
criminal,3,68,6,low,8,magistrate,0,297
civil,1,39,4,high,63,high_court,1,978
tax,3,54,3,medium,126,district,2,504
criminal,5,28,9,high,9,magistrate,1,405
labor,5,72,4,low,56,district,1,557
family,2,51,6,low,9,magistrate,1,233
civil,2,38,2,medium,38,magistrate,2,304
criminal,5,54,3,high,15,district,2,587
tax,4,28,8,low,12,magistrate,1,264
civil,3,78,9,low,29,magistrate,0,114
tax,5,51,3,low,46,magistrate,0,161
criminal,3,62,5,medium,100,magistrate,0,317
criminal,4,18,8,low,19,magistrate,0,275
labor,4,34,3,low,20,high_court,0,855
criminal,5,14,5,high,19,district,1,577
criminal,5,47,3,low,11,district,3,476
civil,6,57,6,medium,22,magistrate,0,298
family,3,40,6,medium,5,district,0,306
criminal,3,33,9,medium,17,magistrate,1,314
civil,6,67,8,low,21,district,3,473
tax,3,81,5,low,5,magistrate,0,303
civil,3,75,4,high,52,district,0,629
criminal,3,25,6,low,30,magistrate,1,368
civil,5,63,10,low,0,district,1,339
labor,4,67,7,low,20,magistrate,0,192
criminal,3,52,2,low,4,district,0,488
criminal,3,37,6,low,11,magistrate,1,373
criminal,7,71,3,medium,42,supreme,0,1515
criminal,3,36,8,low,17,magistrate,1,516
family,3,47,5,medium,56,magistrate,0,209
tax,6,49,4,medium,4,district,1,614
civil,5,29,6,medium,60,district,1,487
civil,5,43,8,low,40,magistrate,1,187
labor,5,49,8,medium,25,magistrate,2,427
criminal,3,47,2,low,36,magistrate,1,372
civil,2,56,5,medium,17,magistrate,1,271
family,3,52,6,high,3,district,1,482
criminal,3,36,1,medium,7,district,2,486
civil,4,56,5,low,5,district,0,438
criminal,6,78,4,medium,12,district,0,407
criminal,5,46,5,low,10,district,1,302
labor,5,36,4,low,15,magistrate,1,402
civil,5,36,9,low,16,magistrate,0,112
labor,3,51,3,low,101,district,2,617
tax,4,54,5,medium,9,district,1,660
family,4,36,4,low,29,district,0,367
tax,4,47,4,low,10,district,0,543
tax,3,33,2,low,21,district,2,570
criminal,4,53,3,medium,9,district,1,512
civil,5,31,5,low,29,district,0,366
civil,3,39,7,low,19,magistrate,1,305
civil,4,67,9,low,1,magistrate,3,380
family,6,69,3,high,30,high_court,1,1127
criminal,8,51,4,low,18,district,0,532
civil,1,73,11,low,14,magistrate,0,124
civil,5,59,5,low,2,magistrate,0,245
criminal,4,48,4,high,11,magistrate,2,366
tax,6,44,9,low,46,district,0,351
criminal,3,77,8,low,38,district,1,321
tax,4,31,8,medium,19,magistrate,2,380
criminal,4,68,6,low,19,magistrate,5,513
criminal,3,57,6,medium,28,magistrate,0,293
criminal,2,42,9,low,14,magistrate,2,371
family,4,39,8,medium,28,magistrate,1,254
criminal,5,48,5,medium,24,district,2,587
labor,1,62,4,medium,67,district,0,420
tax,2,51,2,low,27,district,1,419
civil,2,46,8,low,18,magistrate,1,251
criminal,3,44,7,low,88,district,1,523
civil,4,47,5,medium,15,magistrate,0,258
civil,5,53,1,low,27,district,0,391
civil,7,62,9,medium,18,magistrate,0,205
criminal,5,49,1,medium,28,district,0,531
family,4,65,6,low,16,magistrate,0,196
criminal,5,34,6,low,6,district,3,637
criminal,6,38,3,medium,5,district,0,272
civil,3,58,4,medium,0,magistrate,1,224
tax,2,36,8,low,12,magistrate,1,324
tax,5,48,9,low,12,magistrate,2,295
family,3,61,2,low,25,district,0,387
family,4,65,8,low,21,high_court,2,678
family,7,45,5,low,3,district,0,497
criminal,2,42,7,medium,32,magistrate,0,294
family,5,54,4,medium,89,district,1,502
civil,2,62,3,medium,11,magistrate,1,219
criminal,2,17,9,low,128,district,1,499
civil,2,46,4,medium,28,supreme,2,1295
tax,8,43,3,medium,22,magistrate,0,311
civil,5,36,6,low,78,high_court,0,865
civil,3,55,7,low,15,magistrate,1,150
civil,4,21,3,medium,7,magistrate,1,405
family,5,22,3,low,8,magistrate,2,230
civil,7,52,4,low,0,magistrate,0,175
civil,4,66,10,medium,0,supreme,0,1265
criminal,4,32,6,low,3,supreme,1,1350
civil,4,38,8,low,18,district,3,579
criminal,3,50,8,medium,63,district,1,525
criminal,5,44,1,medium,29,supreme,1,1582
criminal,8,41,5,low,20,magistrate,0,349
civil,4,75,4,high,27,magistrate,5,370
family,3,49,4,low,6,district,1,332
criminal,2,58,7,low,35,district,3,489
tax,5,65,3,low,14,district,0,491
tax,5,50,4,medium,88,magistrate,0,335
labor,1,44,4,medium,22,high_court,2,939
labor,6,71,6,low,20,magistrate,2,164
criminal,4,27,7,low,12,district,2,633
family,3,77,8,high,15,high_court,0,911
criminal,1,56,3,low,29,district,1,580
civil,2,55,5,low,116,district,0,505
family,4,54,5,medium,42,magistrate,1,216
labor,6,27,2,low,43,district,0,536
tax,5,47,1,low,16,magistrate,0,293
criminal,3,47,4,low,28,high_court,2,827
civil,2,47,5,low,2,district,2,419
criminal,5,70,5,medium,2,magistrate,2,325
civil,7,40,2,low,19,district,1,496
civil,5,47,6,medium,78,magistrate,0,157
civil,2,50,10,medium,3,district,1,427
civil,4,52,8,low,10,district,1,452
civil,1,21,6,low,86,district,0,247
criminal,5,61,5,low,0,supreme,2,1557
criminal,4,51,4,low,47,magistrate,1,304
civil,4,58,5,medium,4,magistrate,1,168
criminal,2,54,3,low,13,magistrate,2,259
family,5,4,8,medium,13,district,0,345
criminal,4,45,3,low,45,magistrate,2,364
criminal,5,26,5,medium,73,magistrate,0,359
civil,7,41,4,low,43,supreme,1,1313
civil,2,82,6,low,9,magistrate,2,342
civil,4,60,4,high,31,district,3,540
civil,6,43,7,medium,1,district,1,554
civil,2,42,3,low,32,district,0,324
civil,2,43,6,medium,28,district,3,470
family,5,47,4,low,27,magistrate,0,237
criminal,2,60,5,medium,30,magistrate,1,334
civil,5,12,8,low,9,high_court,1,573
civil,6,33,5,low,23,district,0,356
family,8,32,5,low,10,magistrate,1,269
criminal,6,65,3,low,26,magistrate,0,249
family,4,63,5,medium,16,district,2,526
family,5,24,6,low,5,magistrate,1,243
civil,2,63,2,high,71,district,3,676
civil,3,41,8,medium,8,magistrate,1,189
civil,1,46,5,low,4,district,1,350
family,5,61,4,high,43,magistrate,2,479
civil,3,49,5,high,52,magistrate,1,342
criminal,2,42,5,low,0,magistrate,2,339
criminal,3,59,2,low,3,magistrate,0,249
civil,5,40,5,high,64,magistrate,1,275
criminal,4,57,6,medium,12,magistrate,2,445
tax,2,48,8,low,12,magistrate,3,380
civil,3,66,3,low,56,high_court,1,743
family,6,49,3,medium,7,magistrate,2,417
criminal,7,69,2,low,9,district,0,579
family,3,55,4,low,36,supreme,1,1037
labor,1,43,9,low,5,district,0,240
criminal,3,49,3,low,14,high_court,2,867
civil,2,47,3,low,5,district,2,461
labor,9,48,2,low,10,magistrate,1,343
civil,6,56,8,high,25,magistrate,1,354
civil,5,49,8,high,29,district,3,631
civil,4,53,4,low,71,supreme,0,1164
civil,3,35,7,low,2,magistrate,1,177
civil,5,51,1,low,24,district,0,345
criminal,3,38,7,low,12,magistrate,0,221
civil,3,85,3,low,6,district,2,513
civil,5,45,1,low,6,district,1,264
tax,5,75,5,low,24,district,2,745
family,4,49,9,low,37,magistrate,0,174
civil,3,57,5,low,36,district,1,432
civil,5,35,3,low,41,magistrate,2,253
labor,1,47,5,medium,16,high_court,1,857
criminal,5,35,3,low,7,supreme,1,1332
civil,4,73,6,medium,20,magistrate,0,362
criminal,6,43,5,low,59,magistrate,2,382
civil,3,66,5,high,9,high_court,1,831
family,1,34,5,medium,50,magistrate,1,150
civil,8,57,4,medium,5,magistrate,0,231
civil,2,52,2,high,32,magistrate,1,171
civil,5,37,11,low,3,high_court,0,714
criminal,6,70,7,medium,27,high_court,0,899
criminal,2,42,7,low,8,magistrate,1,155
civil,5,38,7,low,17,district,1,458
civil,4,71,6,low,18,high_court,0,731
civil,3,52,6,low,10,magistrate,0,306
civil,6,46,5,low,50,magistrate,1,331
civil,3,47,5,high,57,magistrate,0,235
tax,5,50,2,medium,10,magistrate,1,345
civil,3,15,3,low,6,magistrate,1,139
civil,4,64,4,low,0,magistrate,1,257
family,5,47,8,low,31,district,2,431
criminal,4,55,3,medium,8,district,1,532
tax,5,19,8,low,123,magistrate,2,490
family,3,48,6,low,24,magistrate,2,277
civil,3,54,5,low,88,supreme,2,1095
civil,6,44,6,low,2,magistrate,0,230
civil,3,43,1,low,1,supreme,2,1222
criminal,6,71,4,low,9,magistrate,1,136
family,3,69,7,high,19,district,0,499
civil,3,36,5,low,8,supreme,1,1107
civil,2,49,8,medium,4,district,0,345
civil,3,75,4,low,61,magistrate,2,71
civil,5,40,7,low,12,district,2,536
criminal,2,53,1,medium,43,district,0,536
tax,4,61,5,medium,7,district,0,479
criminal,8,52,2,medium,26,magistrate,1,272
labor,5,42,3,low,22,high_court,6,951
criminal,4,61,9,low,12,magistrate,0,337
civil,5,52,6,medium,2,magistrate,1,214
family,8,38,2,high,4,district,0,590
civil,3,69,6,low,0,magistrate,1,201
civil,2,73,10,medium,63,supreme,0,1161
family,3,58,3,low,24,magistrate,2,240
civil,4,58,11,low,45,magistrate,1,272
family,4,23,4,medium,13,district,0,422
criminal,4,27,4,medium,25,magistrate,2,170
criminal,4,56,8,low,2,district,0,358
criminal,4,68,5,low,2,magistrate,0,190
civil,5,32,3,low,5,district,2,629
tax,8,59,2,low,8,magistrate,2,354
criminal,4,54,7,medium,65,high_court,1,928
civil,1,43,9,low,16,district,2,544
civil,4,9,3,low,20,district,2,457
criminal,4,55,2,low,2,district,2,552
criminal,4,48,3,low,7,magistrate,1,163
family,3,67,5,low,4,magistrate,0,351
civil,6,45,3,low,6,magistrate,0,225
criminal,3,54,8,high,44,supreme,3,1875
criminal,6,52,6,low,0,district,0,539
criminal,4,48,3,low,28,district,1,447
family,5,55,5,medium,36,magistrate,1,286
labor,2,69,5,medium,12,magistrate,2,208
labor,5,32,6,high,12,magistrate,2,331
tax,4,62,3,low,0,magistrate,0,268
criminal,1,43,4,medium,14,district,1,532
criminal,3,42,7,low,15,magistrate,1,274
labor,6,33,5,low,44,magistrate,1,165
tax,4,40,6,medium,57,magistrate,1,201
criminal,2,46,8,high,22,high_court,0,1084
civil,4,41,6,low,39,supreme,2,1213
family,6,46,12,low,45,magistrate,1,244
civil,5,37,6,low,36,district,2,507
criminal,7,17,9,low,4,district,0,563
criminal,5,41,2,low,61,district,0,537
family,3,68,6,low,4,magistrate,0,122
criminal,2,84,5,low,1,district,0,532
criminal,4,67,4,low,22,high_court,2,759
civil,3,44,6,low,3,supreme,0,1203
civil,5,72,3,low,78,magistrate,2,394
civil,7,49,9,high,18,magistrate,2,353
family,3,23,7,low,17,magistrate,0,240
criminal,2,33,6,low,49,magistrate,1,189
criminal,3,40,8,medium,41,magistrate,2,227
criminal,5,66,3,low,6,magistrate,1,376
family,2,52,2,low,18,magistrate,2,280
tax,4,50,1,low,4,magistrate,0,199
civil,5,48,6,medium,21,district,3,519
civil,4,50,6,medium,19,magistrate,0,147
civil,3,23,4,low,37,high_court,2,578
criminal,4,44,6,low,24,district,0,592
criminal,5,45,10,low,34,magistrate,2,482
civil,2,56,3,high,18,high_court,2,813
civil,4,45,7,high,28,district,1,555
tax,3,56,5,medium,44,magistrate,2,264
civil,4,44,3,high,81,magistrate,1,321
tax,2,41,4,low,3,district,0,434
criminal,3,15,5,low,1,magistrate,3,241
criminal,4,58,5,low,28,magistrate,0,218
criminal,4,35,11,medium,92,magistrate,1,265
civil,4,11,3,low,26,district,0,531
civil,6,37,4,medium,16,district,0,463
criminal,3,37,7,low,20,magistrate,2,232
civil,4,88,5,high,95,magistrate,0,468
civil,4,60,4,low,0,supreme,1,1182
labor,2,40,3,low,42,district,2,538
family,7,56,2,medium,13,district,1,359
criminal,8,62,10,medium,14,supreme,1,1686
civil,2,60,4,low,5,district,0,369
civil,5,46,5,high,26,district,2,612
civil,2,37,1,medium,53,magistrate,1,402
criminal,1,83,8,low,2,district,0,386
tax,2,31,4,medium,38,district,0,486
tax,2,32,5,medium,75,magistrate,0,360
family,4,44,5,medium,24,high_court,0,754
criminal,3,16,7,medium,10,district,3,553
civil,2,48,6,low,25,magistrate,2,266
criminal,2,57,7,medium,54,magistrate,2,500
criminal,3,30,6,medium,20,magistrate,1,341
civil,3,50,7,low,45,high_court,1,751
civil,2,84,0,high,13,district,1,428
family,4,60,3,medium,22,district,1,445
civil,6,49,2,low,49,high_court,4,1001
family,3,19,5,low,25,magistrate,4,336
civil,3,43,1,medium,28,district,1,332
civil,4,53,7,low,39,magistrate,0,230
tax,6,55,6,low,18,supreme,1,1566
civil,3,46,7,low,0,magistrate,1,377
family,4,27,5,low,28,magistrate,2,195
family,6,61,4,medium,22,magistrate,0,316
criminal,6,44,3,low,23,magistrate,1,315
tax,1,39,4,high,1,magistrate,1,438
civil,6,62,8,low,3,magistrate,2,233
civil,5,56,2,medium,28,district,0,288
civil,2,59,3,medium,8,magistrate,1,259
civil,5,58,4,low,20,magistrate,1,224
criminal,2,43,4,medium,82,magistrate,0,257
civil,4,35,4,low,4,district,2,353
tax,6,73,4,low,70,magistrate,0,385
tax,2,37,4,medium,77,high_court,0,999
civil,1,57,3,low,7,magistrate,1,393
civil,4,61,4,low,34,high_court,0,719
civil,3,40,3,low,81,district,1,387
family,5,43,2,medium,11,magistrate,0,104
civil,2,43,4,low,26,magistrate,0,193
criminal,6,31,5,low,47,district,0,402
criminal,4,59,0,high,21,district,2,681
civil,6,67,6,low,37,district,1,385
civil,2,39,3,low,137,magistrate,5,402
criminal,2,50,7,medium,23,magistrate,2,436
civil,2,44,9,medium,13,supreme,1,1346
civil,2,47,3,low,9,district,3,443
civil,3,26,10,low,63,supreme,1,1215
criminal,3,44,4,low,15,magistrate,0,244
labor,6,57,7,medium,79,high_court,0,999
civil,5,29,9,low,10,district,1,416
civil,3,74,7,medium,57,high_court,1,951
criminal,3,23,6,low,80,district,3,531
criminal,7,47,5,low,31,magistrate,4,458
civil,2,44,3,low,3,high_court,1,732
criminal,3,16,4,low,3,magistrate,0,383
labor,3,42,9,medium,78,district,1,664
civil,4,58,5,low,11,magistrate,2,331
civil,5,29,4,low,16,district,1,577
civil,3,36,8,medium,83,magistrate,3,424
labor,4,62,3,low,3,magistrate,1,338
labor,3,22,5,low,31,magistrate,1,356
criminal,4,43,5,low,61,magistrate,0,245
criminal,2,37,6,high,26,district,1,497
tax,3,64,9,medium,8,magistrate,2,336
civil,4,63,7,low,5,district,0,439
tax,6,67,3,low,35,magistrate,0,382
criminal,3,62,4,low,16,district,1,300
civil,7,25,3,low,65,magistrate,2,275
civil,4,80,7,medium,54,district,1,387
criminal,5,36,6,low,42,district,1,473
labor,2,33,7,medium,41,district,3,506
labor,3,54,4,low,35,district,2,519
family,2,48,5,low,29,district,1,328
family,5,17,2,low,12,magistrate,0,254
civil,7,76,4,low,15,district,1,458
civil,6,35,2,low,84,high_court,1,773
civil,2,41,7,low,11,supreme,2,1209
criminal,2,60,4,low,25,district,1,446
civil,5,81,2,low,25,district,0,387
tax,6,47,4,medium,43,district,1,634
civil,4,61,11,medium,3,district,0,302
family,4,34,5,low,48,magistrate,1,428
family,7,60,4,low,20,district,0,427
criminal,4,36,2,high,23,district,4,676
labor,3,59,2,low,1,district,1,455
criminal,2,37,2,low,26,magistrate,2,294
civil,3,54,8,medium,92,district,2,538
family,3,42,6,high,0,high_court,1,701
civil,3,70,7,medium,22,magistrate,3,320
civil,4,19,5,high,32,high_court,0,873
civil,6,57,5,medium,29,magistrate,0,213
civil,3,58,3,low,6,magistrate,2,232
civil,5,31,10,medium,19,magistrate,3,342
criminal,3,67,4,low,9,high_court,1,904
criminal,3,55,9,low,81,district,3,389
civil,3,65,3,medium,11,high_court,2,905
criminal,6,54,4,low,73,district,0,750
criminal,2,50,4,low,33,high_court,0,774
family,7,26,4,high,18,district,0,595
tax,5,52,6,medium,56,district,0,576
civil,10,38,4,low,48,magistrate,1,346
civil,5,51,11,low,21,magistrate,3,385
family,5,61,8,low,0,district,1,409
family,6,43,1,low,6,district,0,262
criminal,3,36,5,low,21,magistrate,3,342
criminal,3,26,5,low,48,district,0,570
criminal,6,70,4,low,27,magistrate,3,337
criminal,5,62,5,low,11,magistrate,2,399
civil,4,45,6,low,38,district,1,398
civil,8,39,2,low,47,magistrate,0,307
criminal,6,62,2,medium,0,district,2,601
family,4,37,3,low,17,district,1,333
criminal,4,42,6,high,6,district,4,640
civil,2,32,7,low,12,district,1,471
family,6,49,5,medium,44,district,0,449
criminal,3,34,4,low,29,high_court,0,793
civil,3,43,4,high,22,district,1,527
civil,2,19,4,low,22,high_court,1,729
civil,2,40,3,high,13,district,0,485
criminal,3,62,5,medium,10,magistrate,4,353
tax,2,8,6,medium,34,district,1,736
tax,3,79,9,low,38,high_court,2,1005
civil,5,54,10,low,39,high_court,0,536
civil,5,37,10,medium,0,magistrate,0,261
family,3,36,5,medium,7,magistrate,2,370
civil,5,44,3,low,1,magistrate,1,263
family,5,51,11,low,18,magistrate,0,189
criminal,4,36,5,medium,1,high_court,0,1036
tax,6,99,2,medium,37,magistrate,1,424
criminal,3,73,5,medium,44,magistrate,0,278
tax,2,35,7,high,39,magistrate,1,379
civil,5,30,5,medium,80,magistrate,0,187
criminal,4,81,5,low,33,district,0,438
civil,3,70,4,medium,28,magistrate,0,165
criminal,4,42,8,low,40,magistrate,1,426
civil,3,30,6,low,28,magistrate,3,368
civil,5,58,2,medium,3,magistrate,2,278
family,4,35,4,low,19,magistrate,0,274
civil,5,48,8,low,2,supreme,2,1231
criminal,3,55,1,low,21,magistrate,0,202
labor,5,49,5,low,11,district,2,342
criminal,5,50,4,low,80,magistrate,1,431
criminal,2,60,3,low,64,magistrate,2,326
civil,3,65,7,high,63,district,1,510
criminal,3,23,4,medium,42,magistrate,1,471
labor,2,20,6,medium,1,district,1,378
criminal,4,56,6,low,61,magistrate,2,275
family,7,44,8,medium,22,high_court,0,814
civil,7,58,10,low,64,magistrate,0,333
family,4,57,6,low,66,high_court,3,801
criminal,7,55,3,low,34,high_court,2,1051
civil,2,51,4,high,9,magistrate,0,283
criminal,2,72,3,low,2,magistrate,1,118
civil,9,58,7,medium,62,high_court,0,795
tax,4,47,7,low,16,district,0,444
civil,9,40,6,low,32,magistrate,1,256
civil,3,71,7,medium,29,supreme,1,1182
civil,6,51,4,medium,13,district,2,460
criminal,5,72,4,low,11,district,0,518
civil,2,39,3,low,33,magistrate,1,259
civil,4,42,7,low,29,district,2,438
civil,1,44,6,high,17,magistrate,2,275
civil,5,52,6,medium,18,magistrate,2,307
labor,3,65,4,low,34,district,1,509
criminal,5,83,9,medium,44,high_court,0,1029
criminal,3,28,2,high,11,magistrate,3,515
tax,6,50,3,medium,39,magistrate,1,417
criminal,3,65,2,high,26,magistrate,0,268
tax,10,57,5,low,27,magistrate,1,473
tax,2,61,1,medium,18,district,1,614
labor,3,40,4,low,61,magistrate,0,77
criminal,3,56,4,low,8,district,2,606
tax,5,54,5,medium,4,district,1,621
tax,3,55,7,low,23,magistrate,3,280
family,3,46,5,low,33,magistrate,0,155
criminal,4,45,9,low,64,high_court,1,949
civil,4,37,7,low,4,district,0,414
family,3,33,5,medium,41,magistrate,0,120
civil,5,36,5,low,80,district,1,359
criminal,6,57,6,high,38,high_court,0,1021
family,5,55,7,low,35,magistrate,0,265
labor,8,47,9,medium,7,district,4,694
family,3,54,5,low,18,magistrate,1,174
civil,6,26,9,low,8,high_court,4,756
civil,1,48,10,low,11,district,1,358
tax,1,33,3,low,44,magistrate,0,205
civil,3,43,10,low,41,magistrate,3,176
civil,4,49,10,medium,16,magistrate,0,263
family,3,56,4,low,4,magistrate,0,292
labor,5,62,8,low,88,magistrate,4,459
tax,6,47,5,low,25,magistrate,0,208
family,2,44,5,high,10,magistrate,0,221
criminal,5,51,3,low,10,district,2,532
criminal,5,69,8,low,50,magistrate,2,325
criminal,1,38,3,low,76,magistrate,1,159
family,3,78,5,medium,26,district,1,358
tax,6,55,4,low,7,district,1,634
civil,7,47,6,low,0,high_court,2,818
civil,4,51,4,medium,38,magistrate,0,237
civil,2,43,3,high,12,district,0,339
criminal,2,51,7,medium,12,magistrate,1,342
civil,3,37,0,high,86,magistrate,2,320
civil,6,44,3,low,16,district,1,338
civil,7,59,2,low,25,magistrate,2,402
criminal,4,23,3,low,14,district,1,458
criminal,2,67,1,low,116,district,2,552
labor,3,72,3,high,64,supreme,2,1586
civil,3,77,4,low,4,magistrate,1,248
criminal,4,40,6,low,1,district,2,495
tax,7,24,5,low,12,high_court,0,979
criminal,6,61,4,medium,5,magistrate,3,508
civil,3,38,5,low,73,high_court,1,876
criminal,5,51,5,medium,1,magistrate,0,331
criminal,3,67,3,low,17,high_court,1,916
criminal,8,55,8,medium,43,district,1,658
family,3,53,6,high,118,supreme,2,1533
civil,3,38,7,medium,25,magistrate,3,330
civil,6,67,5,medium,39,district,0,433
civil,3,48,8,low,0,high_court,3,775
criminal,5,70,8,low,10,district,0,507
criminal,2,58,7,low,20,magistrate,0,30
criminal,4,40,3,medium,64,district,1,384
civil,4,40,5,low,0,magistrate,0,146
civil,7,26,3,low,2,magistrate,0,117
civil,3,38,7,low,8,high_court,2,669
civil,4,55,6,low,32,high_court,1,905
civil,6,40,4,medium,9,magistrate,2,388
civil,5,58,2,high,20,district,0,647
family,3,45,4,low,19,supreme,2,1051
civil,2,32,7,low,42,district,0,317
civil,2,51,4,low,36,supreme,0,1122
tax,4,70,7,medium,6,magistrate,0,226
criminal,4,50,3,low,7,magistrate,2,391
criminal,5,47,9,low,14,district,1,332
civil,6,45,3,medium,9,district,1,363
criminal,5,73,6,low,28,supreme,1,1348
criminal,2,38,1,low,3,magistrate,2,251
criminal,4,39,4,low,17,magistrate,1,323
criminal,4,15,8,low,123,magistrate,0,476
criminal,6,33,6,high,37,district,1,528
civil,3,82,4,low,20,magistrate,2,397
civil,4,87,3,medium,20,magistrate,2,269
criminal,6,59,8,low,106,magistrate,0,318
criminal,5,57,2,low,0,magistrate,1,327
civil,4,64,9,low,13,magistrate,0,304
civil,3,61,7,low,35,magistrate,0,298
family,4,45,2,low,11,district,2,398
civil,3,43,7,low,91,magistrate,2,393
family,4,62,2,low,114,district,1,489
civil,3,59,7,low,6,district,1,402
civil,5,53,4,low,17,high_court,2,905
civil,6,45,4,low,5,district,0,432
civil,5,35,2,low,12,high_court,3,883
civil,4,34,1,low,46,magistrate,1,241
civil,5,59,4,low,21,high_court,0,659
family,5,39,8,low,4,magistrate,2,448
civil,5,61,3,low,20,district,2,409
criminal,5,33,9,low,26,magistrate,1,219
civil,6,43,3,medium,11,magistrate,0,288
civil,3,42,8,low,7,district,0,413
civil,4,58,9,low,4,magistrate,0,230
tax,1,35,7,medium,1,magistrate,2,256
civil,3,47,6,low,7,magistrate,0,151
civil,7,54,4,low,139,district,0,585
family,3,42,7,medium,14,district,1,481
civil,3,51,6,low,13,magistrate,0,263
criminal,6,64,1,high,30,magistrate,0,317
tax,7,46,4,medium,10,district,0,634
criminal,4,42,4,medium,36,magistrate,2,433
civil,4,57,6,medium,1,district,2,609
criminal,3,36,7,low,52,magistrate,0,238
labor,4,47,4,low,24,district,1,458
family,4,30,5,low,59,magistrate,1,316
criminal,7,61,7,low,47,high_court,1,918
criminal,7,47,6,low,6,magistrate,0,368
criminal,3,50,9,low,22,magistrate,0,139
civil,3,49,2,low,1,magistrate,2,350
civil,3,49,7,low,27,district,2,545
criminal,4,9,4,low,32,supreme,2,1385
civil,6,59,7,low,16,district,0,469
civil,1,60,2,low,44,district,0,476
tax,4,19,4,low,1,district,2,670
criminal,3,37,3,medium,33,magistrate,2,378
civil,4,64,6,low,20,supreme,2,1173
labor,4,53,6,low,114,magistrate,1,295
tax,4,58,7,low,12,magistrate,0,357
civil,3,72,4,low,8,magistrate,2,376
civil,7,73,4,low,1,magistrate,1,142
criminal,4,52,11,low,71,district,2,657
criminal,5,53,5,high,7,magistrate,2,355
labor,6,14,2,medium,27,district,3,745
civil,5,50,6,low,41,magistrate,0,404
tax,4,53,8,low,42,district,0,427
criminal,4,58,9,low,23,magistrate,2,437
family,3,35,6,medium,21,district,0,348
labor,8,24,3,medium,10,supreme,3,1445
criminal,3,46,8,low,63,high_court,2,973
criminal,2,47,7,high,6,high_court,1,1132
criminal,3,60,4,low,37,high_court,3,873
civil,4,86,7,high,65,magistrate,0,292
civil,5,34,7,high,6,magistrate,0,254
labor,9,48,10,high,10,magistrate,0,379
tax,5,52,6,medium,1,magistrate,0,315
family,4,72,4,low,5,district,1,372
civil,3,38,8,low,35,magistrate,1,283
civil,3,59,10,low,7,district,1,337
criminal,6,38,6,low,1,magistrate,0,151
civil,3,62,4,high,61,magistrate,2,334
civil,3,83,4,low,32,district,0,350
criminal,2,40,0,low,16,district,0,446
criminal,3,57,6,low,31,district,0,489
labor,3,53,10,low,24,district,1,345
civil,3,27,6,low,135,district,0,532
family,3,34,2,low,81,magistrate,0,128
criminal,6,65,4,low,0,magistrate,2,361
criminal,6,59,5,medium,17,magistrate,3,438
criminal,1,37,2,low,20,high_court,1,684
civil,3,51,3,low,116,magistrate,1,193
tax,3,48,4,low,27,magistrate,0,553
civil,7,46,5,low,16,magistrate,1,264
family,5,53,8,low,11,magistrate,2,398
labor,5,60,3,low,22,magistrate,1,183
criminal,7,56,3,low,1,high_court,1,923
civil,3,72,4,low,24,district,0,401
family,5,74,2,low,7,district,0,554
family,5,57,4,high,58,district,1,588
tax,4,71,5,low,24,magistrate,3,384
civil,4,48,4,high,2,high_court,1,827
family,4,55,8,low,39,magistrate,0,136
civil,6,29,5,medium,3,district,4,553
civil,4,52,0,medium,9,high_court,2,824
civil,4,28,3,high,6,magistrate,1,299
criminal,2,43,3,medium,23,magistrate,2,427
criminal,6,79,5,low,11,high_court,1,939
civil,2,54,5,medium,1,supreme,1,1166
criminal,3,32,2,medium,31,district,0,536
criminal,2,79,9,medium,20,district,0,532
civil,4,40,2,low,3,magistrate,2,371
civil,8,46,1,medium,8,supreme,1,1338
criminal,4,50,4,low,20,magistrate,2,324
civil,3,33,7,low,44,magistrate,3,374
civil,5,51,6,medium,1,supreme,1,1319
family,7,40,5,low,43,magistrate,1,354
tax,2,57,5,low,10,magistrate,1,267
labor,3,73,2,medium,45,magistrate,0,291
labor,4,42,5,low,123,district,0,603
civil,8,40,6,high,36,magistrate,1,530
criminal,3,43,1,low,0,district,1,419
criminal,3,41,2,low,32,district,0,555
civil,7,46,8,low,1,magistrate,1,73
family,4,54,7,low,27,district,1,322
criminal,3,87,7,high,1,supreme,3,1961
civil,2,28,6,medium,26,magistrate,1,271
criminal,6,47,3,high,19,magistrate,2,537
criminal,4,59,5,high,23,district,2,692
criminal,6,27,13,low,91,magistrate,0,290
criminal,6,76,5,medium,40,district,1,519
civil,7,59,3,low,96,magistrate,1,493
criminal,3,89,8,low,14,district,2,665
criminal,3,47,7,low,7,district,1,327
family,4,45,0,medium,11,magistrate,2,317
tax,4,36,8,low,28,district,0,686
civil,4,41,7,high,68,magistrate,3,380
labor,3,12,4,low,7,magistrate,2,286
civil,4,61,9,low,35,magistrate,0,92
criminal,4,33,4,medium,30,magistrate,0,261
tax,4,58,6,low,9,magistrate,1,331
civil,3,56,3,low,19,magistrate,0,298
family,3,63,4,low,43,high_court,0,727
criminal,2,33,8,high,37,district,0,527
criminal,3,73,1,medium,14,magistrate,3,432
civil,6,51,9,medium,19,district,4,641
civil,4,57,7,low,55,magistrate,2,244
criminal,4,42,6,low,28,district,0,615
tax,4,29,3,low,17,magistrate,1,161
tax,5,63,8,low,75,magistrate,3,248
civil,5,58,2,low,21,magistrate,0,145
criminal,3,50,2,low,10,magistrate,1,290
civil,3,52,6,high,30,magistrate,0,354
civil,5,44,5,medium,27,magistrate,0,265
family,3,37,9,medium,50,magistrate,1,345
family,7,41,5,medium,1,district,3,604
tax,6,48,4,medium,32,district,0,604
civil,7,40,4,medium,2,district,2,588
civil,7,45,9,medium,20,district,1,543
criminal,7,27,7,low,26,district,0,477
family,5,49,4,high,51,district,1,556
labor,8,77,1,low,8,high_court,0,831
criminal,4,83,7,low,41,magistrate,0,272
civil,4,38,5,low,11,magistrate,2,453
family,6,53,6,medium,45,high_court,0,750
family,4,43,9,high,2,district,3,504
criminal,3,53,3,low,8,magistrate,1,134
criminal,5,46,3,low,40,magistrate,1,269
civil,4,41,8,high,35,district,1,753
criminal,7,50,8,medium,36,magistrate,0,310
civil,2,61,10,medium,10,magistrate,2,148
tax,4,46,3,medium,19,magistrate,2,484
criminal,5,43,5,medium,1,magistrate,1,373
labor,7,70,2,medium,13,district,1,350
civil,3,31,5,low,28,district,2,349
civil,11,64,5,medium,10,magistrate,1,465
criminal,7,47,11,low,11,magistrate,0,235
criminal,4,63,3,low,26,magistrate,1,316
tax,3,44,5,low,1,magistrate,0,346
labor,3,32,4,medium,114,district,0,542
family,5,51,2,medium,4,district,0,385
civil,2,37,5,low,78,magistrate,3,388
family,2,45,4,low,14,district,2,516
civil,3,38,6,medium,55,district,0,420
criminal,5,75,4,low,21,district,0,541
criminal,2,39,6,medium,21,district,2,540
family,4,33,3,low,69,magistrate,0,77
criminal,5,40,6,low,60,high_court,1,949
criminal,6,39,5,low,106,district,0,510
family,4,64,8,low,36,high_court,1,685
civil,4,63,8,medium,11,district,0,484
family,4,65,1,low,40,magistrate,0,250
civil,3,60,4,medium,39,magistrate,2,431
civil,3,14,2,medium,16,magistrate,0,231
civil,4,31,7,medium,15,district,3,551
criminal,4,48,3,low,32,supreme,0,1448
criminal,3,39,5,low,2,magistrate,2,241
civil,5,48,9,low,9,magistrate,0,142
civil,5,82,2,low,5,high_court,2,746
civil,3,38,7,low,104,supreme,1,1238
criminal,2,63,5,low,13,district,1,468
civil,2,27,1,medium,0,supreme,0,1261
family,3,56,6,low,131,magistrate,0,380
family,5,27,6,low,32,district,0,227
criminal,3,52,6,low,46,district,1,561
criminal,2,49,4,low,2,district,5,654
criminal,4,68,5,low,6,magistrate,1,186
tax,5,64,4,low,27,high_court,0,895
civil,6,48,10,low,109,district,1,567
civil,3,50,7,low,19,district,1,291
criminal,1,38,1,medium,61,district,0,411
labor,8,33,4,low,131,high_court,1,888
civil,6,55,7,high,41,magistrate,1,355
criminal,6,50,1,low,6,magistrate,1,245
civil,5,41,3,low,74,magistrate,1,451
family,4,70,7,high,13,supreme,1,1285
civil,3,53,6,low,26,district,1,409
civil,4,65,2,medium,20,district,2,518
criminal,4,24,2,low,1,district,1,569
criminal,7,43,6,low,17,supreme,1,1504
criminal,5,33,5,low,15,high_court,0,900
civil,9,34,2,medium,80,district,1,501
tax,2,43,2,low,9,supreme,0,1362
civil,6,65,5,low,34,magistrate,2,178
labor,3,31,5,low,44,district,0,436
civil,4,33,5,low,87,magistrate,0,284
criminal,6,57,5,low,10,district,0,537
criminal,4,54,5,low,4,magistrate,1,311
tax,4,33,4,low,13,high_court,1,978
family,6,35,4,medium,14,district,1,591
civil,3,63,4,low,4,district,1,563
family,4,39,5,low,66,district,0,335
civil,2,49,3,low,9,magistrate,2,249
civil,1,54,10,medium,18,district,0,523
criminal,4,51,5,medium,11,supreme,2,1538
civil,4,60,4,high,5,high_court,1,820
civil,4,79,3,medium,0,district,1,340
civil,3,28,6,high,94,magistrate,0,162
criminal,1,40,4,high,22,magistrate,1,331
criminal,3,51,3,low,35,magistrate,2,134
family,3,56,4,medium,2,magistrate,0,187
family,3,48,4,medium,6,magistrate,0,167
criminal,6,72,4,low,0,district,1,636
criminal,4,59,6,low,0,district,1,485
labor,3,57,7,low,37,magistrate,0,88
civil,3,71,4,high,115,district,0,579
criminal,5,82,9,low,2,magistrate,1,522
criminal,6,48,5,high,40,magistrate,1,440
criminal,2,65,8,high,10,high_court,1,1108
criminal,3,43,5,high,31,magistrate,1,230
civil,5,58,8,low,12,magistrate,2,446
labor,3,48,5,low,13,magistrate,1,257
civil,4,35,6,low,33,district,3,330
criminal,2,74,5,low,31,magistrate,0,251
criminal,3,70,4,low,6,district,2,458
civil,5,45,6,low,48,magistrate,0,391
labor,5,61,2,low,37,magistrate,2,372
civil,6,34,12,low,0,magistrate,1,345
tax,3,57,10,low,24,high_court,0,939
tax,6,56,4,low,3,magistrate,1,385
criminal,2,57,2,low,47,magistrate,0,196
criminal,2,29,1,medium,29,magistrate,1,433
family,2,70,8,low,74,magistrate,0,299
civil,5,51,1,low,6,district,0,436
labor,6,53,5,low,94,district,2,646
family,5,67,3,low,29,magistrate,1,247
family,3,43,3,medium,31,magistrate,1,365
civil,6,61,5,low,15,magistrate,2,351
family,2,39,5,low,54,magistrate,3,288
family,4,45,9,low,29,district,1,645
civil,3,42,3,low,83,magistrate,2,399
civil,3,68,3,low,13,district,1,392
criminal,2,43,5,low,26,supreme,2,1358
criminal,5,57,7,high,56,magistrate,0,100
civil,6,41,5,medium,216,high_court,2,944
family,5,25,1,low,49,district,0,429
criminal,5,62,3,low,4,district,0,505
criminal,5,55,6,low,14,magistrate,2,283
civil,3,30,7,low,21,magistrate,0,133
criminal,6,33,5,low,7,district,1,567
criminal,12,61,3,medium,57,district,0,614
criminal,3,22,3,high,21,magistrate,2,408
family,4,45,3,low,58,magistrate,0,279
civil,6,84,4,low,25,supreme,0,1155
labor,4,47,3,medium,6,magistrate,0,207
family,2,73,4,low,24,magistrate,0,239
family,3,53,5,low,2,district,1,398
tax,5,22,6,low,51,district,1,598
civil,2,57,4,high,1,high_court,0,891
civil,7,38,5,low,8,magistrate,1,490
tax,2,51,7,low,56,high_court,1,1183
tax,2,67,4,medium,101,district,0,467
civil,3,50,2,low,65,district,2,543
civil,4,62,5,medium,24,magistrate,1,265
family,4,48,7,high,11,district,0,401
civil,4,38,6,medium,13,supreme,1,1158
criminal,10,64,4,high,28,high_court,0,1207
tax,2,57,3,medium,19,magistrate,1,309
family,1,50,9,low,19,high_court,2,487
civil,5,71,1,low,7,high_court,0,866
civil,8,53,6,low,94,magistrate,0,371
civil,1,75,11,medium,13,district,2,321
civil,3,66,6,low,12,district,1,353
civil,3,54,10,medium,20,district,0,344
civil,6,73,3,low,14,district,0,345
civil,5,53,4,low,26,district,0,458
criminal,2,27,7,low,24,magistrate,1,350
civil,4,42,4,medium,7,magistrate,2,291
tax,3,64,7,low,9,magistrate,1,309
civil,5,41,9,medium,14,district,0,434
civil,3,66,5,low,11,magistrate,1,130
civil,8,43,6,low,59,magistrate,0,429
criminal,6,39,9,medium,36,magistrate,0,151
tax,3,68,10,high,4,magistrate,0,291
civil,3,9,4,low,19,magistrate,1,148
labor,4,36,2,medium,68,magistrate,2,498
criminal,4,72,6,low,58,magistrate,0,309
civil,2,34,6,medium,16,magistrate,1,305
civil,6,23,2,medium,17,magistrate,2,399
civil,6,43,4,medium,7,district,1,367
criminal,6,65,3,high,42,district,0,747
civil,5,67,4,low,20,magistrate,1,193
family,4,47,4,medium,30,high_court,0,709
civil,2,50,6,low,4,district,1,392
family,7,44,3,low,39,district,1,444
civil,2,47,6,high,50,high_court,0,1044
civil,2,80,8,medium,33,high_court,2,744
civil,2,41,7,medium,20,district,1,511
civil,5,35,3,low,58,magistrate,2,214
civil,6,52,5,low,2,magistrate,0,373
civil,4,41,4,low,47,magistrate,1,217
criminal,4,65,3,medium,24,magistrate,2,372
tax,5,55,5,medium,12,magistrate,1,406
civil,3,62,4,medium,8,magistrate,1,279
family,4,49,5,low,49,district,1,505
criminal,4,64,7,medium,23,magistrate,1,331
civil,5,46,4,medium,17,district,0,284
family,3,73,3,low,19,district,1,379
criminal,6,40,8,low,44,magistrate,1,292
criminal,3,80,3,high,10,district,1,550
tax,3,43,2,medium,4,district,2,500
criminal,2,53,6,medium,3,magistrate,1,353
labor,3,72,5,low,121,district,4,642
criminal,4,32,8,high,2,district,1,535
criminal,4,50,9,low,134,magistrate,1,356
criminal,3,51,4,low,15,district,0,459
criminal,1,47,5,high,21,magistrate,2,281
civil,2,45,6,medium,6,magistrate,0,59
civil,2,62,6,low,25,magistrate,0,98
civil,2,81,10,low,113,magistrate,1,222
criminal,3,41,3,low,45,district,2,545
criminal,4,49,3,low,27,district,2,628
family,2,47,5,low,2,magistrate,0,79
criminal,5,50,4,low,42,high_court,0,775
civil,2,56,4,low,43,magistrate,2,90
civil,4,46,3,low,35,magistrate,2,331
criminal,5,36,8,medium,28,district,1,637
civil,5,67,5,medium,11,magistrate,0,289
criminal,6,66,7,medium,2,high_court,0,1069
criminal,1,44,3,low,1,district,2,488
civil,4,57,5,low,49,magistrate,0,272
civil,3,39,6,low,8,district,1,453
criminal,5,44,3,low,1,magistrate,1,477
criminal,4,24,5,medium,16,magistrate,1,381
civil,4,70,8,low,6,high_court,1,741
criminal,5,28,7,low,52,magistrate,0,185
criminal,2,72,5,low,6,magistrate,1,210
labor,4,62,5,low,20,magistrate,2,408
family,4,36,5,low,28,district,1,376
labor,3,45,4,low,36,high_court,0,729
civil,6,48,5,low,4,district,1,502
labor,3,38,10,medium,3,magistrate,1,125
labor,5,52,7,low,20,district,0,376
criminal,3,51,7,low,31,district,0,416
civil,5,49,6,low,41,district,1,396
criminal,5,45,1,medium,13,high_court,1,1096
criminal,4,70,4,medium,44,magistrate,1,304
tax,5,42,7,medium,39,magistrate,0,299
criminal,7,33,3,low,24,magistrate,1,361
civil,6,30,3,low,4,district,4,500
civil,6,61,7,low,36,district,1,414
labor,4,64,3,low,93,district,1,486
criminal,1,41,4,medium,146,magistrate,2,475
civil,2,48,3,low,16,magistrate,0,137
criminal,6,41,6,medium,21,magistrate,3,439
criminal,7,66,1,medium,20,district,2,721
civil,4,33,9,low,13,district,1,556
criminal,5,44,4,low,3,magistrate,1,374
civil,3,33,4,medium,53,supreme,2,1349
civil,2,68,2,medium,0,district,0,553
civil,5,72,6,low,75,magistrate,1,175
family,3,21,6,medium,43,district,0,376
civil,4,68,4,low,30,district,2,485
civil,2,71,6,medium,1,magistrate,0,307
family,4,43,9,low,46,district,0,235
family,4,51,3,medium,57,magistrate,1,105
civil,6,41,4,low,3,magistrate,2,274
civil,5,50,3,high,63,magistrate,0,357
family,5,62,1,low,31,magistrate,2,260
family,3,56,5,medium,0,high_court,0,747
criminal,6,47,8,low,12,magistrate,2,170
labor,3,73,3,low,102,magistrate,0,173
criminal,4,70,4,medium,1,magistrate,1,252
criminal,5,68,7,low,29,magistrate,1,166
labor,4,61,7,low,17,magistrate,2,235
civil,5,68,12,low,43,magistrate,1,347
criminal,7,53,5,low,23,district,3,637
criminal,2,22,7,low,50,supreme,2,1534
criminal,3,53,7,medium,2,district,0,510
tax,4,22,5,medium,20,magistrate,2,479
criminal,3,71,6,low,29,magistrate,0,230
civil,2,48,1,low,15,high_court,1,649
civil,1,46,3,low,5,high_court,0,564
civil,4,58,5,low,34,supreme,0,1282
civil,2,61,5,high,2,district,1,477
criminal,8,56,8,low,4,magistrate,0,322
tax,5,45,6,low,74,high_court,0,1019
civil,2,71,7,low,22,magistrate,2,249
civil,3,52,2,low,94,district,2,429
family,3,43,2,medium,14,district,1,399
civil,3,34,7,high,11,magistrate,2,508
civil,5,62,4,medium,22,magistrate,1,123
criminal,4,67,4,medium,1,magistrate,4,517
criminal,6,45,6,medium,11,magistrate,0,244
family,3,69,5,medium,16,magistrate,2,372
civil,6,85,4,medium,15,magistrate,3,413
tax,2,53,4,low,76,magistrate,1,82
tax,2,63,5,low,12,magistrate,2,281
tax,3,39,4,low,12,district,2,333
civil,2,41,4,low,28,district,1,425
criminal,5,46,5,medium,46,magistrate,1,205
criminal,7,70,5,low,8,district,1,597
criminal,6,37,3,low,31,district,0,590
civil,5,39,5,low,53,high_court,1,736
family,2,39,4,low,37,magistrate,0,61
civil,4,36,3,low,7,magistrate,3,442
tax,2,22,3,high,14,magistrate,1,237
civil,5,38,4,high,51,magistrate,1,309
civil,3,69,3,medium,0,magistrate,0,344
criminal,5,40,6,low,71,district,2,487
civil,5,53,2,low,0,district,1,401
criminal,4,28,0,low,29,district,1,397
criminal,4,53,6,medium,20,district,1,469
civil,7,39,4,low,0,magistrate,3,402
family,2,67,8,low,2,magistrate,2,350
family,1,69,5,medium,0,magistrate,2,130
criminal,8,55,3,low,16,magistrate,1,310
criminal,7,27,5,low,2,magistrate,2,384
civil,2,28,6,low,3,magistrate,3,194
criminal,7,59,7,low,6,district,1,437
family,4,55,5,low,0,magistrate,1,124
civil,4,29,2,low,19,magistrate,1,227
criminal,7,46,6,low,25,district,2,639
criminal,4,40,1,medium,9,district,1,605
criminal,4,71,10,low,70,district,0,380
civil,6,36,4,medium,15,district,1,627
civil,2,36,7,medium,11,magistrate,1,312
family,1,50,8,low,2,supreme,0,899
criminal,3,45,5,low,5,district,0,457
civil,3,15,5,low,56,magistrate,2,356
civil,5,57,3,medium,3,district,0,504
civil,4,29,1,low,16,magistrate,0,280
family,4,23,3,medium,8,magistrate,2,247
civil,6,37,6,low,15,high_court,1,733
civil,6,53,4,low,57,magistrate,1,305
family,4,39,2,low,7,district,0,326
criminal,2,25,5,low,23,magistrate,0,159
family,3,40,6,medium,23,magistrate,0,328
labor,3,51,4,medium,6,district,0,287
criminal,4,61,4,low,31,magistrate,0,164
civil,2,51,4,medium,38,district,0,435
civil,3,63,5,medium,45,magistrate,1,317
civil,5,72,6,low,4,district,2,517
civil,5,50,6,low,86,district,1,448
family,3,74,2,low,21,magistrate,0,303
criminal,3,32,10,medium,6,magistrate,0,139
civil,1,44,2,high,4,magistrate,1,318
civil,3,60,6,low,10,district,1,349
civil,5,72,6,low,16,district,3,425
tax,6,54,4,medium,12,magistrate,1,251
civil,6,76,7,low,100,magistrate,0,299
family,3,27,5,low,26,magistrate,0,399
criminal,4,46,3,low,90,magistrate,0,268
civil,3,81,5,low,22,magistrate,1,256
labor,2,92,6,low,5,high_court,3,862
criminal,2,21,3,low,38,magistrate,1,366
labor,4,71,6,low,1,magistrate,3,258
criminal,6,49,4,medium,4,magistrate,0,418
tax,5,70,3,low,54,magistrate,2,382
family,3,71,5,low,54,district,1,475
civil,7,73,7,medium,3,district,1,510
family,5,55,3,high,20,district,0,353
labor,3,77,5,low,7,magistrate,1,154
civil,6,53,7,medium,3,district,1,353
civil,3,48,6,low,7,magistrate,0,329
criminal,4,85,4,low,3,district,0,457
labor,4,1,6,low,12,district,0,322
tax,2,45,9,low,24,high_court,2,896
criminal,5,12,10,low,52,district,1,429
criminal,5,21,5,low,5,district,1,592
civil,3,63,6,medium,25,magistrate,0,108
civil,5,29,3,medium,15,high_court,4,841
civil,6,73,5,medium,6,magistrate,2,260
criminal,4,16,8,low,56,magistrate,1,407
civil,2,82,7,low,16,district,0,263
family,5,45,6,medium,27,district,1,388
criminal,2,38,6,medium,116,magistrate,1,293
family,3,75,3,low,44,district,2,551
civil,4,65,4,low,12,magistrate,1,362
criminal,3,48,5,medium,11,magistrate,2,252
tax,5,81,6,medium,16,supreme,0,1596
civil,3,65,4,low,49,magistrate,0,122
criminal,3,57,5,medium,13,magistrate,1,275
labor,5,58,7,low,89,district,0,449
criminal,9,46,3,low,40,magistrate,0,291
criminal,2,59,3,medium,117,supreme,4,1628
civil,8,50,5,low,10,high_court,0,839
criminal,6,50,6,low,4,magistrate,1,309
civil,4,48,6,low,4,high_court,0,612
civil,5,51,2,low,16,supreme,3,1152
civil,3,49,3,low,41,magistrate,1,191
criminal,5,42,4,low,66,district,0,279
civil,4,35,4,low,0,district,0,450
criminal,4,34,6,medium,0,magistrate,2,348
criminal,2,67,4,medium,3,magistrate,0,280
civil,4,64,6,low,22,magistrate,1,289
family,4,56,7,low,13,high_court,1,535
tax,2,53,8,low,31,district,0,409
criminal,3,36,4,low,10,magistrate,1,256
tax,7,54,5,low,16,magistrate,1,509
civil,6,48,4,low,50,magistrate,0,272
criminal,6,30,1,high,7,high_court,0,1100
tax,3,35,7,low,16,district,0,338
civil,5,71,3,low,4,district,1,333
civil,2,48,6,low,34,magistrate,0,30
family,7,44,5,low,41,magistrate,0,147
criminal,5,72,8,low,117,district,3,650
civil,6,19,5,low,4,district,0,413
criminal,4,61,7,low,13,magistrate,0,340
civil,8,53,3,medium,10,magistrate,2,359
family,5,56,3,low,58,high_court,1,659
criminal,6,31,5,low,25,magistrate,1,244
civil,8,42,6,low,8,magistrate,2,271
criminal,1,38,8,low,22,supreme,1,1348
family,5,50,5,low,2,district,2,298
tax,5,42,11,medium,4,district,3,710
civil,4,40,4,low,155,magistrate,0,302
civil,3,80,8,medium,7,high_court,0,725
tax,5,48,8,low,14,magistrate,2,409
family,5,40,8,medium,47,high_court,0,742
criminal,4,37,5,low,59,district,0,376
criminal,3,57,3,low,22,magistrate,1,244
civil,4,38,7,low,20,magistrate,0,166
civil,3,38,2,medium,14,magistrate,0,152
civil,4,28,3,medium,24,supreme,2,1389
civil,5,37,7,medium,8,magistrate,2,268
criminal,5,31,4,medium,12,district,0,449
criminal,3,53,6,high,78,district,0,621
criminal,6,54,3,high,19,magistrate,0,381
civil,4,49,2,low,25,district,0,400
civil,3,67,4,medium,8,district,0,384
civil,5,48,4,low,91,district,0,365
criminal,5,74,9,low,3,district,0,528
labor,5,60,3,high,30,supreme,0,1606
labor,2,49,3,medium,5,district,2,444
labor,3,62,4,medium,1,district,0,492
civil,4,44,6,medium,77,district,1,401
civil,6,62,6,low,3,magistrate,1,169
civil,3,41,3,low,5,magistrate,0,226
family,4,63,2,high,11,high_court,0,787
tax,7,35,3,low,8,district,0,628
family,4,46,10,low,13,magistrate,0,206
civil,4,42,3,low,44,district,0,449
civil,10,53,4,medium,52,magistrate,1,450
criminal,1,36,5,medium,36,high_court,0,819
family,5,31,1,high,12,high_court,4,1056
civil,3,59,7,medium,17,magistrate,0,394
civil,4,37,6,low,27,magistrate,1,239
civil,5,32,9,low,46,magistrate,0,225
labor,4,52,2,low,18,high_court,3,808
civil,5,28,4,medium,18,district,2,406
tax,4,79,7,medium,7,district,0,558
civil,3,59,9,low,4,magistrate,0,140
tax,4,42,13,low,58,magistrate,0,344
civil,4,67,6,low,98,district,1,508
civil,3,60,3,low,11,magistrate,2,205
civil,6,35,5,low,39,district,0,316
civil,5,48,6,medium,53,magistrate,2,237
civil,2,44,6,high,44,magistrate,2,463
civil,4,28,3,high,4,magistrate,0,251
criminal,5,71,6,low,17,district,0,330
tax,6,49,3,low,40,district,0,593
criminal,2,70,3,low,40,district,2,475
criminal,3,58,10,low,9,district,2,575
family,2,63,5,low,3,high_court,0,605
civil,6,55,4,medium,11,high_court,1,724
criminal,3,74,3,low,2,district,1,569
civil,3,39,6,low,8,magistrate,0,240
criminal,1,29,6,high,16,magistrate,3,312
family,3,75,3,medium,56,supreme,1,1189
labor,4,54,3,medium,8,magistrate,3,343
criminal,5,50,3,medium,32,district,0,488
civil,5,58,3,low,12,magistrate,1,280
tax,4,29,4,low,18,district,0,440
family,3,39,2,low,119,magistrate,1,326
family,2,57,5,low,19,high_court,0,644
criminal,1,61,5,medium,38,district,0,605
civil,4,26,8,medium,58,magistrate,1,218
civil,4,35,3,medium,0,district,1,468
civil,4,32,4,medium,26,magistrate,1,381
tax,6,66,10,low,57,district,1,580
tax,5,66,5,high,26,district,2,854
criminal,6,47,0,medium,10,magistrate,1,148
criminal,4,46,3,low,19,magistrate,0,214
criminal,6,50,3,medium,9,magistrate,0,304
criminal,4,66,3,low,5,magistrate,2,392
labor,9,69,4,medium,2,magistrate,0,353
civil,3,56,6,medium,45,high_court,0,749
tax,4,18,8,low,22,district,0,556
civil,3,33,7,medium,14,district,1,509
civil,4,62,4,high,13,magistrate,1,303
family,2,44,4,medium,19,high_court,3,810
criminal,6,38,10,low,72,magistrate,1,441
labor,7,63,2,high,122,magistrate,0,424
criminal,1,23,2,low,28,district,0,408
criminal,5,52,5,low,20,magistrate,2,123
criminal,1,71,6,medium,51,district,3,513
tax,7,31,4,low,14,magistrate,0,289
civil,3,47,5,medium,27,magistrate,1,284
civil,3,27,1,high,5,district,1,619
civil,2,57,4,low,2,magistrate,2,162
criminal,5,21,9,low,29,district,1,555
family,3,46,5,low,11,magistrate,1,147
family,6,46,2,low,5,high_court,1,713
civil,4,32,6,low,2,district,0,399
civil,2,64,9,high,22,magistrate,1,199
labor,4,67,2,low,64,magistrate,0,267
criminal,5,73,8,low,121,magistrate,0,391
labor,4,41,5,low,0,district,2,352
civil,5,40,2,low,10,magistrate,1,268
criminal,4,64,4,low,10,high_court,0,836
criminal,3,54,9,medium,6,magistrate,1,271
criminal,7,24,5,low,49,magistrate,0,332
criminal,4,40,7,low,50,magistrate,1,376
family,3,65,5,low,91,high_court,0,710
criminal,4,56,8,low,31,magistrate,1,184
civil,3,43,8,high,18,district,2,490
criminal,3,65,9,low,37,magistrate,0,273
civil,6,72,2,low,0,magistrate,0,143
criminal,7,42,2,medium,2,high_court,3,983
family,4,44,8,low,1,magistrate,0,83
civil,5,59,5,high,100,magistrate,1,366
criminal,2,41,1,low,34,magistrate,1,382
civil,3,18,4,low,3,district,1,379
criminal,3,38,3,low,10,district,0,513
family,4,77,8,low,19,high_court,0,806
family,3,36,2,medium,15,magistrate,3,160
tax,4,65,6,low,32,magistrate,1,392
criminal,5,54,5,low,64,magistrate,1,487
civil,5,24,4,medium,105,district,0,550
civil,7,79,6,medium,39,magistrate,1,341
tax,3,64,7,low,75,magistrate,2,244
criminal,4,36,5,high,42,magistrate,1,363
civil,3,54,3,low,25,magistrate,3,373
civil,4,60,5,medium,56,magistrate,0,272
criminal,2,37,3,medium,2,district,3,535
civil,6,54,6,low,13,district,1,538
civil,5,55,8,medium,18,high_court,0,878
civil,4,53,12,medium,12,magistrate,2,227
civil,2,67,5,medium,37,magistrate,3,129
civil,2,60,7,medium,14,magistrate,0,168
family,8,37,4,low,59,magistrate,0,446
criminal,3,70,3,low,23,supreme,0,1352
criminal,3,67,8,medium,74,high_court,2,1018
civil,3,77,2,low,5,supreme,0,1207
civil,2,34,7,low,16,magistrate,1,270
civil,3,28,3,low,101,magistrate,2,281
family,4,60,7,low,31,magistrate,1,184
criminal,5,39,5,medium,29,district,1,529
criminal,5,38,5,low,50,high_court,1,881
civil,4,63,7,medium,35,magistrate,0,180
criminal,4,39,3,low,3,magistrate,2,180
criminal,3,59,3,medium,28,district,0,514
family,3,48,3,low,53,district,1,595
criminal,4,52,3,low,90,district,0,452
civil,1,46,9,low,9,magistrate,3,428
criminal,8,38,6,low,29,district,0,488
family,11,53,4,low,41,magistrate,2,427
civil,3,44,5,low,20,district,0,288
tax,7,75,2,medium,18,district,2,930
labor,2,69,5,low,19,district,0,377
civil,9,53,8,medium,31,district,0,418
criminal,4,61,4,low,53,high_court,0,718
civil,4,56,2,medium,56,district,0,571
family,1,47,5,low,10,district,0,226
family,4,46,3,medium,22,district,0,394
civil,5,32,3,low,36,magistrate,1,366
civil,4,70,6,medium,42,magistrate,2,235
civil,3,52,6,low,6,magistrate,1,233
criminal,2,38,3,high,28,magistrate,0,352
criminal,6,35,2,medium,43,magistrate,0,247
civil,3,71,4,medium,81,high_court,0,838
criminal,3,52,6,low,59,district,1,480
criminal,4,54,5,medium,10,high_court,1,919
family,2,85,3,low,21,district,2,276
civil,5,56,5,high,37,magistrate,0,221
civil,3,70,5,low,26,magistrate,1,88
civil,6,60,3,medium,16,high_court,3,834
civil,5,41,5,high,3,magistrate,0,418
criminal,2,38,4,low,15,district,1,479
civil,6,27,5,low,35,magistrate,1,189
criminal,6,52,4,medium,15,magistrate,5,518
civil,9,71,6,low,3,high_court,2,716
criminal,3,22,2,low,47,magistrate,0,232
civil,6,45,4,medium,18,magistrate,2,343
criminal,4,39,6,low,1,magistrate,0,278
civil,7,48,4,medium,1,supreme,0,1392
tax,4,44,3,medium,59,district,0,494
criminal,3,51,5,low,27,magistrate,0,265
criminal,5,78,3,low,37,magistrate,0,287
family,4,65,9,medium,91,district,2,478
family,1,62,6,low,48,district,1,421
family,11,19,6,low,1,high_court,0,774
criminal,4,52,3,medium,16,magistrate,1,147
criminal,4,48,5,medium,28,magistrate,1,333
civil,5,61,7,high,39,magistrate,0,190
civil,1,65,7,low,20,district,1,460
civil,4,37,6,low,19,magistrate,0,393
criminal,3,70,3,low,29,magistrate,3,422
civil,2,47,3,low,28,supreme,1,1186
civil,2,51,4,low,27,magistrate,3,370
criminal,3,66,3,low,8,high_court,1,859
family,6,47,3,low,75,magistrate,0,301
criminal,5,54,4,medium,26,district,0,649
family,3,38,6,low,3,district,0,258
family,4,58,4,low,50,high_court,2,732
criminal,6,71,3,low,38,magistrate,1,224
civil,3,51,4,medium,6,magistrate,0,299
civil,6,37,7,high,6,district,0,450
civil,4,41,12,medium,35,magistrate,0,242
civil,7,35,1,medium,22,district,3,526
labor,3,43,5,low,4,district,2,354
criminal,5,62,3,low,16,magistrate,1,297
criminal,3,73,3,medium,27,magistrate,0,357
labor,4,53,5,low,103,high_court,0,785
family,2,53,6,medium,5,magistrate,2,348
civil,4,22,7,low,3,magistrate,2,168
criminal,5,52,9,high,34,magistrate,1,430
civil,5,59,2,medium,3,magistrate,0,206
criminal,4,40,6,medium,6,magistrate,1,269
criminal,1,47,4,high,4,magistrate,0,91
criminal,3,70,6,low,2,magistrate,1,350
criminal,5,46,10,low,81,magistrate,0,225
criminal,3,47,6,low,40,magistrate,1,228
criminal,6,77,6,medium,3,district,1,710
criminal,3,74,5,low,3,district,1,500
civil,3,58,6,medium,7,magistrate,1,262
criminal,5,24,2,low,14,high_court,0,865
civil,3,56,5,medium,5,magistrate,0,183
family,6,32,8,medium,41,high_court,1,764
criminal,4,63,5,low,26,magistrate,0,273
family,4,57,9,medium,0,magistrate,1,316
criminal,7,49,4,low,35,district,1,368
labor,1,67,1,low,26,high_court,1,660
civil,1,57,5,medium,8,magistrate,1,139
criminal,5,43,3,low,31,magistrate,1,178
civil,2,52,4,low,39,magistrate,2,216
family,3,50,3,low,13,magistrate,1,152
criminal,4,37,7,low,23,district,2,680
civil,3,42,4,low,1,magistrate,2,293
civil,4,53,5,medium,13,magistrate,1,278
criminal,4,32,4,medium,65,magistrate,1,377
criminal,1,78,4,low,45,district,1,535
family,3,50,10,high,5,district,1,453
family,3,69,9,low,10,magistrate,1,320
tax,5,26,4,medium,130,magistrate,1,357
civil,3,67,4,low,22,district,0,337
civil,1,46,4,low,20,district,2,379
family,6,37,9,medium,6,magistrate,2,412
family,7,34,6,low,9,magistrate,0,180
civil,3,50,7,medium,24,high_court,4,880
civil,6,61,5,low,31,high_court,0,747
criminal,3,48,6,low,13,magistrate,3,386
tax,7,52,5,medium,19,high_court,0,1103
civil,4,79,5,low,3,high_court,1,834
criminal,2,46,4,high,51,supreme,0,1755
criminal,3,48,7,low,6,magistrate,1,83
criminal,3,39,3,low,1,district,1,510
criminal,5,62,2,high,16,high_court,0,1144
civil,6,66,2,low,69,supreme,2,1337
civil,6,46,5,low,20,district,0,550
civil,4,26,4,medium,73,magistrate,1,171
civil,3,31,2,low,17,magistrate,0,53
criminal,3,49,3,low,6,district,1,434
civil,6,64,9,medium,10,magistrate,2,212
civil,3,52,3,low,3,magistrate,1,163
civil,8,35,6,medium,15,district,1,304
civil,4,78,0,low,27,district,2,418
civil,2,58,5,medium,8,magistrate,0,256
criminal,2,45,5,low,2,magistrate,3,251
criminal,5,35,4,medium,25,magistrate,1,233
civil,4,56,5,medium,0,magistrate,3,302
family,3,69,8,low,3,magistrate,2,434
tax,2,50,8,low,22,district,0,564
criminal,1,65,5,low,25,magistrate,1,137
criminal,2,70,4,low,77,district,3,513
civil,7,41,5,high,6,magistrate,1,491
tax,3,55,7,low,1,supreme,1,1590
civil,2,70,10,high,0,district,3,488
civil,4,70,2,low,6,magistrate,0,266
criminal,10,54,6,low,34,magistrate,1,325
criminal,6,49,4,low,34,supreme,3,1575
criminal,2,71,5,low,38,magistrate,0,251
criminal,7,29,6,low,22,magistrate,2,299
civil,3,50,3,low,13,magistrate,0,132
civil,4,54,2,low,39,district,0,322
criminal,2,31,4,low,18,district,1,457
criminal,3,58,3,medium,7,district,2,626
civil,3,59,7,low,32,magistrate,2,259
family,5,45,2,medium,1,magistrate,1,206
civil,4,45,2,low,22,magistrate,0,312
family,1,96,3,low,20,high_court,0,501
civil,7,17,8,low,23,magistrate,0,201
labor,9,37,8,medium,52,magistrate,1,199
criminal,3,71,8,low,7,magistrate,1,160
civil,5,45,9,low,26,magistrate,3,286
criminal,7,43,5,medium,10,district,1,608
labor,4,67,8,low,103,high_court,0,768
criminal,6,28,4,medium,40,magistrate,0,145
civil,3,80,14,low,122,magistrate,0,223
family,3,54,5,low,17,magistrate,3,175
civil,3,66,7,medium,7,magistrate,2,249
criminal,3,54,6,low,20,magistrate,3,322
tax,2,39,5,low,14,magistrate,0,242
criminal,6,53,6,medium,2,magistrate,0,354
criminal,3,64,6,low,41,magistrate,2,379
civil,2,26,6,low,18,district,0,267
civil,4,56,7,medium,44,district,1,645
criminal,3,31,7,medium,7,high_court,2,1104
criminal,7,81,2,low,11,magistrate,2,269
civil,4,60,6,low,4,magistrate,0,292
criminal,6,38,5,medium,2,magistrate,0,317
labor,6,24,7,low,17,district,0,333
civil,5,33,5,low,5,magistrate,2,161
civil,5,37,7,low,2,district,2,448
civil,7,51,3,high,22,high_court,1,958
civil,4,59,4,low,12,magistrate,1,161
family,1,41,4,medium,36,district,0,243
civil,3,53,3,high,0,magistrate,0,454
family,3,52,5,high,44,magistrate,2,251
family,3,54,8,medium,59,magistrate,0,300
labor,2,85,6,low,48,magistrate,1,252
family,2,13,5,low,27,magistrate,1,171
criminal,5,63,3,low,147,magistrate,1,366
criminal,4,55,7,medium,26,district,0,588
civil,4,47,9,low,5,district,0,191
civil,4,59,4,high,4,high_court,1,810
criminal,5,31,3,medium,51,magistrate,0,365
civil,1,64,10,low,38,district,1,544
civil,4,39,3,low,5,magistrate,1,142
criminal,5,64,4,low,47,magistrate,0,86
family,4,52,3,low,4,magistrate,1,277
criminal,3,59,6,low,5,magistrate,0,198
criminal,5,66,4,low,54,magistrate,0,397
civil,4,55,0,medium,74,district,0,436
civil,2,69,5,medium,5,magistrate,0,163
criminal,6,72,3,low,37,magistrate,1,191
criminal,1,61,3,low,10,magistrate,2,232
criminal,4,33,1,medium,23,magistrate,2,297
criminal,2,36,4,medium,63,district,1,350
civil,3,26,4,medium,37,magistrate,0,175
family,4,43,4,low,52,magistrate,0,302
criminal,6,52,3,medium,10,district,0,633
civil,6,60,6,high,45,magistrate,0,406
family,4,46,3,medium,22,supreme,0,1177
civil,3,33,4,medium,51,high_court,1,826
criminal,2,64,2,low,28,magistrate,0,267
criminal,6,48,3,high,9,magistrate,0,453
civil,4,46,5,medium,0,district,3,557
civil,11,58,6,high,12,magistrate,1,524
labor,5,47,2,low,29,supreme,0,1431
criminal,2,29,4,medium,0,magistrate,3,383
civil,5,53,2,low,1,magistrate,1,159
criminal,3,51,6,medium,3,district,0,444
criminal,3,44,5,low,24,supreme,1,1341
civil,3,49,3,low,86,district,1,456
family,6,62,5,medium,7,district,2,460
civil,6,80,7,low,11,magistrate,0,196
tax,4,52,1,high,8,district,1,659
civil,5,51,2,medium,66,district,1,388
criminal,7,44,6,low,26,district,1,559
civil,3,60,2,low,7,magistrate,0,289
labor,4,44,7,medium,9,magistrate,1,121
tax,3,63,6,low,82,magistrate,0,391
criminal,4,60,4,low,1,magistrate,2,315
labor,3,44,5,high,60,high_court,1,808
criminal,2,12,6,medium,67,district,1,521
criminal,9,29,2,medium,1,magistrate,0,562
family,5,49,3,medium,14,supreme,1,1040
criminal,5,65,6,low,23,district,1,500
criminal,5,66,9,low,37,district,1,626
criminal,5,56,8,low,87,magistrate,1,494
civil,4,66,3,low,87,magistrate,2,272
civil,5,29,6,low,12,magistrate,0,195
criminal,6,13,3,low,14,magistrate,1,286
criminal,1,35,4,low,9,district,2,490
criminal,3,35,6,low,1,magistrate,4,512
civil,3,68,2,low,8,district,0,343
criminal,6,50,3,low,4,high_court,0,720
civil,5,22,3,low,117,district,0,360
civil,2,61,4,medium,24,district,1,462
civil,2,49,6,medium,45,magistrate,2,264
civil,5,37,5,medium,29,magistrate,1,216
criminal,5,72,4,low,34,high_court,1,874
civil,6,39,4,high,7,magistrate,0,316
civil,5,27,2,medium,16,district,0,401
civil,6,61,1,medium,57,district,0,546
criminal,4,48,3,low,22,magistrate,1,366
tax,7,20,8,high,6,supreme,0,1946
criminal,3,36,7,medium,2,district,1,544
civil,7,36,5,low,45,district,0,372
criminal,6,55,4,low,6,magistrate,1,354
criminal,6,93,2,medium,25,magistrate,1,311
labor,3,28,3,medium,16,district,0,490
civil,4,74,5,low,3,magistrate,1,297
civil,4,36,3,medium,40,magistrate,0,264
civil,7,29,3,medium,49,supreme,0,1385
criminal,4,46,3,low,6,high_court,2,972
civil,4,55,3,low,4,high_court,0,659
civil,3,27,7,medium,5,magistrate,0,146
criminal,5,38,4,low,2,district,1,399
criminal,2,68,6,low,8,magistrate,1,310
civil,3,58,4,low,46,supreme,4,1280
tax,3,50,6,low,6,district,1,458
civil,3,37,6,medium,0,magistrate,1,230
family,2,44,8,low,2,magistrate,2,96
criminal,4,29,8,low,14,magistrate,3,426
family,6,59,8,high,3,magistrate,0,250
civil,2,83,4,medium,31,magistrate,0,334
family,4,56,10,low,15,high_court,0,670
labor,2,24,7,low,4,magistrate,0,216
labor,2,61,2,medium,29,district,1,340
civil,3,57,8,low,3,supreme,0,1002
civil,6,46,4,low,44,high_court,3,872
criminal,5,61,3,low,9,district,1,541
criminal,3,38,5,low,1,magistrate,0,331
civil,5,30,3,medium,77,magistrate,0,361
family,5,42,3,medium,37,high_court,1,735
civil,8,86,8,high,62,district,0,689
